seed,episode,total_steps,return
123,1,69,-86.51496025152987
123,2,146,-371.119519857027
123,3,267,-302.2015940560173
123,4,359,-217.46314457428684
123,5,448,-326.61652039095924
123,6,540,-398.6753635173887
123,7,638,-124.90978521542264
123,8,701,-81.56500660027648
123,9,772,-88.8083347613322
123,10,921,-342.7225668682514
123,11,1028,-142.85360618023907
123,12,1107,-240.55978869157076
123,13,1234,-182.1740274681283
123,14,1330,-321.0388627785953
123,15,1431,-132.30682275573847
123,16,1503,-143.8022771780589
123,17,1619,-262.8908669125627
123,18,1693,-121.1763273351815
123,19,1816,-82.72599290675646
123,20,1928,-164.8196935100888
123,21,2042,-12.62039209114974
123,22,2105,-96.98009832473363
123,23,2206,-136.78044111744714
123,24,2281,-93.66289698041236
123,25,2344,-200.3618274123554
123,26,2418,-213.43060384627586
123,27,2505,-420.57129931239024
123,28,2620,-214.92176988362195
123,29,2714,-99.22805678389682
123,30,2832,-290.8837333084809
123,31,2929,-386.0428382639908
123,32,3016,-171.45955332735076
123,33,3080,-98.01244849664187
123,34,3201,-116.29264008084586
123,35,3333,-48.14544967006897
123,36,3393,-104.8625973976416
123,37,3478,-127.11691416788992
123,38,3572,-118.41678201748529
123,39,3660,-388.89838878584084
123,40,3795,-150.23110162474825
123,41,3894,-376.679960037052
123,42,4012,-193.34929045055054
123,43,4111,-295.0049922226802
123,44,4212,-134.93001730736373
123,45,4281,-84.59582247030652
123,46,4350,-97.58123185358717
123,47,4438,-86.1464125362915
123,48,4520,-117.74012235964963
123,49,4601,-80.26710378837544
123,50,4674,-87.59985971153473
123,51,4735,-127.54369304191887
123,52,4817,-282.82341010742607
123,53,4917,-296.33195780625624
123,54,4982,-94.15779251022127
123,55,5075,-521.0288391403855
123,56,5215,-267.2413322004128
123,57,5308,-123.36579691756623
123,58,5406,-133.33506795241757
123,59,5537,-163.15550500642547
123,60,5654,-15.17718641297381
123,61,5758,-289.25145016961187
123,62,5853,-129.89435946968354
123,63,5922,-125.26781734191981
123,64,6008,-167.63658191372474
123,65,6120,-332.01123812982416
123,66,6260,-186.46547563623994
123,67,6339,-177.49680896728665
123,68,6458,-254.12332379572396
123,69,6593,-282.6599147074705
123,70,6656,-112.93130630103163
123,71,6744,-307.0094579050617
123,72,6852,-112.97019010024334
123,73,6941,-259.2970674643676
123,74,7040,-113.41814215319289
123,75,7105,-217.95914954205358
123,76,7211,-401.74658712355676
123,77,7329,-69.10078529464542
123,78,7435,-217.08055681555385
123,79,7505,-94.59998337986588
123,80,7586,5.48915641749322
123,81,7701,-92.26269109883401
123,82,7776,-129.50347320030247
123,83,7906,-115.42887209152491
123,84,7975,-56.09111539998473
123,85,8075,-133.86885655650525
123,86,8143,-225.32388090324304
123,87,8219,-383.11651376346083
123,88,8337,-153.48874595608845
123,89,8473,-64.03601310453232
123,90,8574,-74.70512509463566
123,91,8666,-78.17718609998977
123,92,8786,-134.87923731161783
123,93,8884,-203.05239038658783
123,94,9012,-73.107530774707
123,95,9110,-380.6979862508207
123,96,9214,-103.942284988665
123,97,9321,-181.48567719686417
123,98,9389,-260.33850996870115
123,99,9465,-82.61553943111895
123,100,9528,-57.08527462104735
123,101,9623,-249.47750943629813
123,102,9719,-102.00755494032519
123,103,9811,-162.51048185538826
123,104,9882,-188.79194387291108
123,105,9963,-52.448695134281806
123,106,10029,-38.10888254885812
123,107,10162,-143.72794717822129
123,108,10279,-211.16328723027522
123,109,10356,-160.15283619540875
123,110,10474,-107.33824533863799
123,111,10572,-163.39525341237896
123,112,10664,-330.46181017130243
123,113,10737,-88.57791025905668
123,114,10803,-242.97355312450685
123,115,10903,-504.62770232548166
123,116,10996,-161.97441549237038
123,117,11088,-471.41038624565505
123,118,11172,-122.20123268951392
123,119,11276,-407.3592149338017
123,120,11371,-118.87263377697711
123,121,11488,-179.7490403251083
123,122,11617,-108.58138303040778
123,123,11703,-81.295053386112
123,124,11772,-197.0705486287701
123,125,11895,-142.85140102511815
123,126,11957,-120.54079357467414
123,127,12054,-24.011577265177635
123,128,12166,-163.77605328207918
123,129,12231,-40.80884911697002
123,130,12345,-183.6546922489367
123,131,12472,-346.77056810991405
123,132,12546,-71.82514386065735
123,133,12678,-205.3621664357215
123,134,12810,-62.011644307459385
123,135,12900,-254.47782510675498
123,136,12961,-91.20465993868912
123,137,13097,-33.215800092569694
123,138,13178,-44.131719591679214
123,139,13295,-274.3677619234636
123,140,13396,-88.41451633444261
123,141,13546,-176.87178582288897
123,142,13626,-231.32128187779816
123,143,13714,-73.3582405392113
123,144,13803,-186.2136410080514
123,145,13903,-166.26350506150266
123,146,13958,-77.45950914543148
123,147,14080,-137.64066894878854
123,148,14162,-96.02451870946761
123,149,14236,-85.32323329367449
123,150,14351,-102.59632085914457
123,151,14466,-121.29449101136211
123,152,14603,18.187095895153092
123,153,14735,-104.86831107530037
123,154,14874,-233.96705975403165
123,155,14987,-130.60280748127235
123,156,15080,-103.48357345118998
123,157,15160,-133.6407492145113
123,158,15237,-149.4341997757299
123,159,15352,-115.87251886909334
123,160,15441,-136.62720565622547
123,161,15533,-64.59618790361415
123,162,15648,-239.34325552111724
123,163,15758,-130.53871503474375
123,164,15835,-67.03039798606775
123,165,15937,-350.33971765478896
123,166,16009,-115.30601518549568
123,167,16123,-224.6322349674315
123,168,16212,-126.63355712414666
123,169,16287,-75.53850515829969
123,170,16395,-280.6848218329708
123,171,16490,-102.23430180310376
123,172,16565,-140.33598826691397
123,173,16709,-111.51123583474256
123,174,16775,-80.44810601143283
123,175,16861,26.590617432620817
123,176,16960,-366.7208891575758
123,177,17073,-259.37731795840875
123,178,17186,-219.74190414382127
123,179,17282,-226.72798663325966
123,180,17356,-55.28763866846401
123,181,17452,-165.26133920967507
123,182,17517,-80.05129369188778
123,183,17584,-70.8804116359679
123,184,17661,-143.16671839982672
123,185,17731,-90.24291060898989
123,186,17811,-104.961256073003
123,187,17903,-182.80856035766936
123,188,17996,-49.26615992454538
123,189,18069,-112.90623949591979
123,190,18149,-139.79779759707722
123,191,18267,-105.78494986953133
123,192,18377,-200.5797121168773
123,193,18456,-108.46562448630631
123,194,18574,-198.93527394828737
123,195,18670,-199.22519632681684
123,196,18797,-221.30982551626698
123,197,18865,-105.52380859045718
123,198,18932,-95.01544843788791
123,199,19021,-93.43392123801513
123,200,19130,-195.0428138263561
123,201,19248,-124.00765732268002
123,202,19346,-90.2169938427633
123,203,19416,-88.0906178959389
123,204,19544,-198.76457654154513
123,205,19641,-266.47287708011174
123,206,19727,-194.31693592829248
123,207,19821,-143.47229346159568
123,208,19915,-201.04708914339
123,209,20004,-152.35457195400727
123,210,20093,-135.00497927993464
123,211,20220,-24.812867014152616
123,212,20322,-305.6143914231244
123,213,20426,-124.89822156561195
123,214,20537,-128.68581702798093
123,215,20614,-93.0007450003656
123,216,20687,-198.76203923679506
123,217,20807,-110.46437671024128
123,218,20884,-200.54639121222414
123,219,21014,-105.02595874813827
123,220,21116,-88.94529794509896
123,221,21181,-82.66489712640579
123,222,21262,-83.90426503856621
123,223,21367,-71.69916246541561
123,224,21455,-249.10801650104176
123,225,21558,-229.0640258487049
123,226,21695,9.775540086699863
123,227,21829,-12.305235874848364
123,228,21900,-85.18093302672268
123,229,21979,-147.20364556008997
123,230,22103,-54.33709171694207
123,231,22163,-75.71656917209921
123,232,22243,-126.2342251592947
123,233,22333,-116.00229496879939
123,234,22410,-118.2221117986538
123,235,22532,-187.72108627182755
123,236,22645,-88.8359031164346
123,237,22706,-64.03931256534072
123,238,22810,-96.74925739780763
123,239,22914,-147.1742424172949
123,240,23003,-28.572275252735196
123,241,23102,-15.368431953410052
123,242,23238,-282.0225346784956
123,243,23331,-167.487256755771
123,244,23444,-116.72015201584826
123,245,23536,-73.81810743459171
123,246,23655,-101.55029490912275
123,247,23729,-70.11075637616199
123,248,23796,-108.90662899931503
123,249,23903,-75.4197963550614
123,250,24019,-108.08266936474097
123,251,24085,-53.534450489049554
123,252,24162,-89.64952980973916
123,253,24275,-48.34874838518397
123,254,24387,-204.63801789766683
123,255,24525,-176.87499623732782
123,256,24594,-85.92436602257351
123,257,24670,-167.99902582094853
123,258,24760,-69.19063087225932
123,259,24845,-111.4928857488321
123,260,24939,-297.0830895173792
123,261,25024,-155.5303139052539
123,262,25106,-48.79821506950461
123,263,25209,-85.10939834210757
123,264,25339,-177.1318141379275
123,265,25452,-125.4110498547337
123,266,25516,-133.3994311807976
123,267,25633,-386.96834602224754
123,268,25731,-130.74891501218838
123,269,25843,-113.03703590187061
123,270,25944,-393.0202492265474
123,271,26040,-5.462820605928329
123,272,26118,-297.36042368992787
123,273,26227,-236.46017083874185
123,274,26323,-146.05134986988912
123,275,26422,-128.0448420175619
123,276,26507,-102.02955082432017
123,277,26613,-126.25589301815796
123,278,26681,-137.3072935414768
123,279,26827,-80.10654075563086
123,280,26948,-158.35839278252206
123,281,27080,-92.66038861359898
123,282,27179,-185.5860974332578
123,283,27275,-110.8264641502137
123,284,27414,-109.2573818281605
123,285,27519,-141.01010206398615
123,286,27619,-87.18437588948655
123,287,27706,-137.2394956646212
123,288,27781,-109.80702994948669
123,289,27893,-130.1281505508366
123,290,28055,-101.81683745394768
123,291,28180,-83.59974962695676
123,292,28277,-222.08494813750752
123,293,28339,-121.40125863967688
123,294,28428,-344.9552093255984
123,295,28548,-181.14843574357587
123,296,28691,-122.54364744403735
123,297,28782,-102.95112224278324
123,298,28885,-178.29790030358686
123,299,28973,-224.70129490590034
123,300,29067,-105.24727431669112
123,301,29143,-153.26643345469265
123,302,29273,-81.6423986184393
123,303,29379,-254.00031995424334
123,304,29486,-225.21406183281852
123,305,29564,-58.312390644208186
123,306,29643,-92.1983820921715
123,307,29765,18.37340282737783
123,308,29873,-87.63721880205537
123,309,30013,-62.02972595500509
123,310,30116,-56.84583314374057
123,311,30213,-98.27616568945926
123,312,30337,-98.53271029643142
123,313,30429,-110.96109902263598
123,314,30519,-142.97234072010917
123,315,30622,-110.2685782357089
123,316,30796,-107.36329789830712
123,317,30882,-112.46301454533327
123,318,30983,-93.63030988683882
123,319,31112,-73.50345955630694
123,320,31209,-162.28942583658028
123,321,31325,-276.7087408222323
123,322,31442,-20.775464606300773
123,323,31544,-121.06274062297683
123,324,31625,-29.663696467778678
123,325,31741,-126.74352416466571
123,326,31856,-91.40087646419447
123,327,31941,-47.63984372190078
123,328,32031,-195.5988497324862
123,329,32116,-33.208418190507004
123,330,32237,-7.322254341275453
123,331,32339,-145.09991006271542
123,332,32463,-116.99062113746123
123,333,32578,-106.8548475796109
123,334,32686,-138.43179985056696
123,335,32781,-120.06592834103986
123,336,32889,-101.41112774413799
123,337,32971,-92.66208320672241
123,338,33070,-116.61197817370365
123,339,33149,-27.858957851118262
123,340,33257,-109.75207808131675
123,341,33377,-118.71849459167044
123,342,33444,-131.0505520222108
123,343,33538,-314.61968728922545
123,344,33624,-85.10981881047928
123,345,33723,-166.35987634911885
123,346,33823,-166.2528884734441
123,347,33945,-192.92266467393597
123,348,34047,-193.38748976191908
123,349,34159,-141.3683782040764
123,350,34235,-141.51616390345373
123,351,34316,-85.9683684442654
123,352,34394,-73.20624486867317
123,353,34493,-106.5251019106006
123,354,34594,-92.79809035841157
123,355,34718,-204.6355651549979
123,356,34822,-143.2699808497108
123,357,34952,-101.06518389809303
123,358,35069,-88.68929134386964
123,359,35227,-20.587262704795208
123,360,35351,-66.74772296071788
123,361,35451,-70.37967486447013
123,362,35554,-136.41916658232225
123,363,35621,-71.50468386270849
123,364,35735,-160.51097835276897
123,365,35827,-100.35045281708248
123,366,35937,-238.6905357417478
123,367,36055,-66.33575261403519
123,368,36130,-60.97533112929421
123,369,36237,-354.77133162067497
123,370,36330,-54.27659699286606
123,371,36470,-257.68500459347723
123,372,36567,-74.04991443738618
123,373,36644,-100.42305856504794
123,374,36719,-68.33825522840637
123,375,36881,-33.58599708736885
123,376,36961,18.623926905276974
123,377,37058,-81.78330505934626
123,378,37207,-32.6125900281815
123,379,37317,-58.003366592179454
123,380,37396,-69.58981022474453
123,381,37456,-84.27519773078005
123,382,37570,-49.507288327671304
123,383,37704,-20.33743130299007
123,384,37785,-85.57506771016841
123,385,37880,-124.24853830472081
123,386,37950,-43.722987925221275
123,387,38043,-202.91080159743143
123,388,38149,-173.28501433489907
123,389,38231,-99.5347640681316
123,390,38345,-193.1216586916319
123,391,38456,-63.76452813354218
123,392,38559,-168.36440674404477
123,393,38659,-107.9843468980797
123,394,38728,-53.708876379194194
123,395,38810,-195.03623537965305
123,396,38919,-128.38724675364438
123,397,39040,-208.2061077559893
123,398,39150,-196.02597856638454
123,399,39260,-102.72771298122652
123,400,39371,-174.01882789804247
123,401,39466,-126.77617354772981
123,402,39556,-108.70246625187487
123,403,39653,-105.52516185658232
123,404,39759,-145.50213228324122
123,405,39859,-113.92848286879266
123,406,39975,33.82190178016208
123,407,40059,-126.5494678122797
123,408,40203,-143.5272643681035
123,409,40314,-269.9194474099444
123,410,40390,-192.11715042077458
123,411,40512,-243.8802344899962
123,412,40633,-300.135093028607
123,413,40732,-77.01689438778904
123,414,40857,-132.92181648687725
123,415,40996,-247.20435854132086
123,416,41118,-45.99820933576846
123,417,41205,-143.68987999748742
123,418,41365,-287.14947174095414
123,419,41457,-89.28104881673526
123,420,41556,-149.76832756875325
123,421,41636,-50.40271743295098
123,422,41803,-87.30547658813538
123,423,41881,-28.284597979034714
123,424,41964,6.156348396786953
123,425,42069,-69.11917888984121
123,426,42131,-86.67948019837468
123,427,42249,-121.38708816415513
123,428,43249,55.03921939387949
123,429,43327,-30.822915074158658
123,430,43409,-52.91775879697876
123,431,43483,-174.04103253086333
123,432,43566,-57.46625006602464
123,433,43692,-192.57252476546802
123,434,43831,-177.94248718520134
123,435,43917,-233.72271640421172
123,436,44020,-78.86059314027081
123,437,44152,-70.58162118688747
123,438,44296,-265.74389723723584
123,439,44403,-161.9074644902044
123,440,44477,-63.869249534480524
123,441,44551,-80.60230870070876
123,442,44627,-160.63871170364962
123,443,44714,-74.18072831082813
123,444,44843,-67.0140255552221
123,445,44978,-49.92873590324067
123,446,45090,-97.34163631828481
123,447,45149,-124.87903125262937
123,448,45243,-100.76204414048223
123,449,45315,-96.66863757187903
123,450,45431,-208.57780421646447
123,451,45528,-95.37441562900726
123,452,45668,-101.12207503494425
123,453,45791,-145.7934228778705
123,454,45868,-137.44644209594227
123,455,45960,-55.237723753970535
123,456,46028,-93.71340683499918
123,457,46144,-242.28803188463155
123,458,46233,-75.58125118766209
123,459,46365,-243.5226630696703
123,460,46485,-249.02378565939227
123,461,46604,-164.11459128692104
123,462,46735,-333.5568192336948
123,463,46839,1.5055870163115372
123,464,46951,-100.30114677722099
123,465,47039,-84.01682961999464
123,466,47150,-124.94355701493379
123,467,47283,-163.5402276137915
123,468,47395,-279.8230622423437
123,469,47508,-158.25298268556082
123,470,47608,-207.69163459919173
123,471,47773,-127.90335422010484
123,472,47885,-342.7214151986676
123,473,48060,-26.061169330057012
123,474,48138,-83.55355309901834
123,475,48262,-83.92853125159291
123,476,48347,-51.78934899458915
123,477,48416,-13.529210671526386
123,478,48483,-52.52973012137154
123,479,48618,-23.691931351229243
123,480,48737,-131.37510334517003
123,481,48899,2.853345683851032
123,482,49027,-61.798516030184395
123,483,49139,-99.38534595111584
123,484,49222,-107.89124103470472
123,485,49311,-126.53932480128765
123,486,49416,-76.46067406555335
123,487,49505,-57.069092090775754
123,488,49605,-83.15834978269605
123,489,49687,-179.53014895686096
123,490,49761,-90.44807768780248
123,491,49842,-66.78454613909162
123,492,49988,-67.28993203896708
123,493,50073,-109.01807967630864
123,494,50157,-134.76099792970254
123,495,50235,-138.71819255997607
123,496,50319,-83.55186622837378
123,497,50400,-74.66783738653653
123,498,50555,10.576137675644247
123,499,50676,-138.5406844061694
123,500,50820,-135.21122116154964
123,501,50894,-78.57370521263158
123,502,50982,-119.12562805917291
123,503,51094,2.4638010279050206
123,504,52094,51.34265235152447
123,505,52199,-171.0436694714986
123,506,52291,-73.03133289468856
123,507,52409,-139.60519769919586
123,508,52478,-66.56697015552368
123,509,52584,-57.64217881452809
123,510,52687,-98.87767052675952
123,511,52844,-118.91222143557134
123,512,52957,-112.2602686636705
123,513,53055,-73.26162189019222
123,514,53203,-202.34620397061903
123,515,53313,-81.8985956105809
123,516,53441,-23.452805372144113
123,517,53543,-84.95564046192374
123,518,53610,-121.41147119757991
123,519,53727,-367.752923359252
123,520,53885,-59.04876326135276
123,521,53964,-175.7731712985805
123,522,54102,-65.05787396300241
123,523,54241,-86.10786388572578
123,524,54356,-127.87748685425035
123,525,54497,-90.80829730458305
123,526,54587,-84.87631808300337
123,527,54736,-53.2532719840827
123,528,54839,-65.0124987358608
123,529,55009,-60.87209474670744
123,530,55120,-130.99581487983556
123,531,55193,-112.29728349943674
123,532,55274,-66.17862880288878
123,533,55348,-152.2522791367603
123,534,55464,-81.19664976210252
123,535,55554,-50.035500282538294
123,536,55642,-60.751321976857895
123,537,55775,-246.841200277486
123,538,55886,9.758611587909826
123,539,55995,-116.9777946456345
123,540,56086,-253.5405972372595
123,541,56222,-158.33519762470883
123,542,56330,-8.422598783501144
123,543,56429,-50.69964653248949
123,544,56543,-150.60837972700045
123,545,56625,-87.58470089769848
123,546,56703,-67.74005006063263
123,547,56820,-112.08495654414763
123,548,56962,-110.15942229421464
123,549,57099,-53.467184769818104
123,550,57252,-233.09015988376464
123,551,57369,-173.97564837263764
123,552,57505,-90.5544401263405
123,553,57597,-134.4795160490347
123,554,57730,-32.412975474346254
123,555,57858,-159.91079802087978
123,556,57974,-33.989160032070316
123,557,58125,-131.30758825928774
123,558,58265,-181.24098396767369
123,559,58436,-122.63592378839499
123,560,58521,-93.17224708289817
123,561,58633,-73.61654146383863
123,562,58740,-95.25357921400311
123,563,58893,-32.11569081425279
123,564,58977,-119.58241006771993
123,565,59080,-92.25950042159191
123,566,59157,-118.41949178865605
123,567,59323,-66.41676192052697
123,568,59461,-82.35229672051469
123,569,59545,-106.11758194449814
123,570,59647,-117.21869397213825
123,571,59780,-31.428118978777874
123,572,59853,-49.961558818031776
123,573,59965,-112.65676502392931
123,574,60050,-93.5277715217606
123,575,60136,-95.27503034376838
123,576,60294,-75.07273431017364
123,577,60394,-106.19381163955188
123,578,60523,28.88324490400646
123,579,60662,-96.0742903623408
123,580,60738,-48.523662298272114
123,581,60802,-91.89405578381334
123,582,60920,10.818632769130488
123,583,61090,-141.67776354492543
123,584,61247,-75.9563903967753
123,585,61374,-25.27023986362026
123,586,61465,-87.62978015516022
123,587,61557,-189.64497645660282
123,588,61678,-94.84603757368107
123,589,61837,-67.6529913136338
123,590,61960,-103.77089759699025
123,591,62079,-178.42365568188126
123,592,62199,-43.09712548834476
123,593,62299,-166.75894904470894
123,594,62417,-250.72751013191262
123,595,62546,-129.15195048925938
123,596,62633,-21.790538494690807
123,597,62762,-77.60695728976393
123,598,62920,-179.79599179927902
123,599,63013,-141.98619141957286
123,600,63078,-70.4486553397432
123,601,63184,59.09096339741683
123,602,63251,-128.99316034983377
123,603,63332,-56.68178879497452
123,604,63465,-188.6823825025584
123,605,63580,-59.660036495370846
123,606,63737,-31.321746805191765
123,607,63841,-90.92978855938216
123,608,63980,-171.05656232169622
123,609,64078,-128.2862203236395
123,610,64152,-51.10441086860942
123,611,64272,-103.02818193247171
123,612,64445,-8.68175527070936
123,613,64576,-190.2036772246486
123,614,64786,-170.5164001530075
123,615,64902,-97.9175572720645
123,616,65021,-82.97151188629036
123,617,65153,-162.15780657284944
123,618,65246,-69.28379506870296
123,619,65415,-95.50790496251891
123,620,65575,-8.619466717364134
123,621,65803,-220.01277330068564
123,622,65898,-108.11142956333953
123,623,66026,-126.72266470831093
123,624,66099,-46.05001546783594
123,625,66179,-27.72705527550052
123,626,66279,-45.13096825166417
123,627,66364,-74.13029109967354
123,628,66481,-48.60718908064199
123,629,66592,-31.780649925963885
123,630,66703,-51.211685029099456
123,631,66773,-46.57562369563932
123,632,66872,-80.1347110514198
123,633,67038,-2.9745064462933044
123,634,67203,-71.52137302027825
123,635,67330,-144.22778951050256
123,636,67405,-66.99433398247156
123,637,67515,-14.683775801303725
123,638,67612,-135.73771938971922
123,639,67730,-102.55987343963263
123,640,67853,-86.4006702403008
123,641,67941,-65.01236460441908
123,642,68058,-33.347160281072604
123,643,68202,-113.82826055503926
123,644,68290,-104.65346965903807
123,645,68399,-136.50468697869144
123,646,68470,-195.65301328006672
123,647,68612,-41.55521090109986
123,648,68757,-57.22265400329203
123,649,68851,-39.3543684638658
123,650,68969,-223.9820015136056
123,651,69097,-305.6757262092686
123,652,69212,-70.60924437587741
123,653,69334,-238.44656865357587
123,654,69528,-73.73154069363893
123,655,69626,-90.95357044247338
123,656,69761,-116.20989138918358
123,657,69902,-153.29705530840107
123,658,70002,-85.78471067882344
123,659,70134,-55.97325022613877
123,660,70280,-76.23869518710558
123,661,70407,-133.1574908668093
123,662,70582,-77.26115695202638
123,663,70697,-82.63363601689116
123,664,70830,-82.84072769621137
123,665,70996,-30.396280582480955
123,666,71237,-0.36996218693836624
123,667,71353,-84.85460483130383
123,668,71444,-48.04777092433713
123,669,71531,-86.94407349610209
123,670,71712,-96.11657992163556
123,671,71825,-123.16144638332538
123,672,71947,-79.72308240028157
123,673,72034,-17.133995456317436
123,674,72157,-120.22646630305503
123,675,72243,-75.63602601328832
123,676,72510,-120.78813303008188
123,677,72687,-64.34040707156464
123,678,72813,-70.48249394155508
123,679,72889,-54.181775525539386
123,680,72972,-100.24543769741074
123,681,73122,-56.706277991492186
123,682,73240,-38.7243133821617
123,683,73430,-71.23672527848073
123,684,73522,-80.81572878056531
123,685,73653,-221.3074955650551
123,686,73767,-89.6722811453319
123,687,73906,-114.98473017893464
123,688,74057,-229.32579030094126
123,689,74170,-77.53377536612595
123,690,74288,-120.66246025568327
123,691,74483,-22.322224428088177
123,692,74555,-45.59127656185431
123,693,74693,-34.522551316847725
123,694,74820,-93.89799414956815
123,695,74946,-50.443519839304955
123,696,75030,-67.94274836412201
123,697,75153,-219.52511272053863
123,698,75227,-20.51844980922155
123,699,75341,-44.31284899092884
123,700,75500,-66.35670954371865
123,701,75631,-58.49509972564721
123,702,75788,-122.82456068853476
123,703,75904,-101.86867126479927
123,704,75988,-73.05800415260764
123,705,76362,-250.81662400445202
123,706,76472,-132.83962504148332
123,707,76583,-80.4372937393125
123,708,76693,-70.92651971210921
123,709,76799,-60.845296277358315
123,710,76930,-227.18279435168773
123,711,77132,-51.036937433414025
123,712,77249,-81.18260364096686
123,713,77395,-114.80971458561494
123,714,77583,-156.7155367746094
123,715,77705,-85.24096994520983
123,716,77840,-142.00812110872548
123,717,77980,-69.4270298320788
123,718,78061,-42.602337323477165
123,719,78201,-137.01413170654246
123,720,78309,-190.56595533433548
123,721,78451,-121.33076764375208
123,722,78560,-131.12445189315798
123,723,78711,-90.00660465394466
123,724,78895,-91.57315597885932
123,725,79047,-6.997718953837847
123,726,79192,-60.07318045139018
123,727,79273,-73.75388716052943
123,728,79409,-74.98828802038162
123,729,79562,-95.55415684787991
123,730,79747,-69.58678233232753
123,731,79892,-21.050348426202675
123,732,80026,-115.06341556223825
123,733,80186,-93.84392115148268
123,734,80299,-64.3668984842745
123,735,80424,-208.01934220176616
123,736,80611,-87.6668012428166
123,737,80697,-81.97813483068546
123,738,80848,-64.52514150400134
123,739,80992,-91.61380971701367
123,740,81100,-89.86592802467042
123,741,81222,-60.35724889924046
123,742,81353,-109.43065919430471
123,743,81477,25.398539779348752
123,744,81623,-57.69188475558479
123,745,81768,0.287958831855903
123,746,81905,-55.76173454562546
123,747,82034,-148.81775675174543
123,748,82236,-16.339167968959686
123,749,82344,-48.819594931523255
123,750,82477,-75.5303160863211
123,751,82657,-68.16462700423651
123,752,82734,-68.16962094210743
123,753,82900,-46.754246617117076
123,754,83087,-64.30133380084933
123,755,83214,-11.674697832623707
123,756,83397,-61.61525223656165
123,757,84397,28.890049404120617
123,758,84479,16.229460446853665
123,759,84614,-64.54604123072522
123,760,84726,-93.1493608764605
123,761,84822,-61.00678260474275
123,762,84949,-95.20469342883305
123,763,85101,-75.7709372329919
123,764,85235,-233.42299021492744
123,765,85356,-76.84738316050002
123,766,85502,-163.89476739560263
123,767,85628,-58.694377198447455
123,768,85744,-76.31651795777333
123,769,85828,-17.821500834685708
123,770,85949,-142.65933292307506
123,771,86120,-18.81555286732204
123,772,86298,-30.642497903084063
123,773,86444,-36.82335382644105
123,774,86624,-73.43908779400353
123,775,86758,11.367725951374027
123,776,86852,-55.38310956450781
123,777,87014,-46.25653832402586
123,778,87151,-137.49847592060263
123,779,87295,-25.50259110488848
123,780,87371,-52.022221930174254
123,781,87553,-11.746566597076836
123,782,87715,43.393793882744745
123,783,87867,-26.76669970446028
123,784,88010,-31.28951431921135
123,785,88128,-24.19619342286859
123,786,88203,-76.90147104506775
123,787,88286,-85.26669402713092
123,788,88426,-134.8115757118122
123,789,89426,38.11099515314512
123,790,89675,-43.55081147890988
123,791,89871,-184.31198348313518
123,792,89963,-84.93952282337601
123,793,90070,-29.801871874566913
123,794,90212,-88.57710873364826
123,795,90322,-80.83967556129409
123,796,90420,-73.3311856012883
123,797,90572,-90.03538131617196
123,798,90767,-17.498563606715038
123,799,90907,22.579397395724882
123,800,91050,-129.74439024008552
123,801,91134,-60.50927015134714
123,802,91316,-26.032021625727182
123,803,91437,16.983430550463297
123,804,91626,-223.18300556079942
123,805,92626,35.99840685291306
123,806,92809,-133.35317296163234
123,807,92997,-59.70502964394111
123,808,93097,-117.00541977793657
123,809,93250,-77.83575839125214
123,810,93370,-26.532045016165725
123,811,93515,-45.184138628167986
123,812,93602,-45.814181824932675
123,813,93790,-100.34755146988005
123,814,93927,-45.383696613182906
123,815,94104,-44.68034376198567
123,816,94226,-61.90720476868236
123,817,95226,138.9461298551494
123,818,95329,-42.414956218262446
123,819,95455,-65.20954055179403
123,820,95650,-201.72114036910796
123,821,95770,15.709286328558278
123,822,95948,-69.56074313592123
123,823,96045,-72.33499380737298
123,824,96202,-167.6527704607836
123,825,96304,-110.02564049756566
123,826,96474,-28.02317989607222
123,827,96614,-33.08721823114877
123,828,97614,10.392799362418055
123,829,97798,-65.02696817041402
123,830,97880,-56.23381153712888
123,831,98046,-11.2013634993464
123,832,98200,-120.45609292741115
123,833,98359,-76.76027773545044
123,834,98529,-39.20289014360225
123,835,98665,-77.08420027304994
123,836,98863,-72.22200636847188
123,837,98970,-85.09396984807123
123,838,99110,-27.525534637262453
123,839,99267,-58.6914051788966
123,840,99413,-28.170977972294864
123,841,99523,-80.1975508095582
123,842,99643,-57.880848391275606
123,843,100643,94.62137680830986
123,844,100727,-67.76350299274205
123,845,100800,-121.46539368419546
123,846,101073,-159.05948996864646
123,847,101226,-86.52651801568466
123,848,101441,-32.7586192464681
123,849,101721,-37.80387951973722
123,850,101847,-150.62104127005165
123,851,102102,-110.25867056819659
123,852,103102,39.53838971328278
123,853,103230,-36.010743758293245
123,854,103402,15.69422512047585
123,855,103473,-29.275558373629934
123,856,103654,10.389837544528191
123,857,103807,-2.771433348998144
123,858,103965,-60.007825198188335
123,859,104088,-92.60271470383519
123,860,104241,13.412348763504951
123,861,104547,-226.6682869227875
123,862,104753,-40.57060217195189
123,863,104843,-75.32136221019388
123,864,105217,5.773259222574552
123,865,105352,-175.1724471488914
123,866,105463,-77.2132946571104
123,867,105639,-8.024156943338227
123,868,106217,-44.50165378094678
123,869,107217,113.38024699868464
123,870,107327,-28.529625109373896
123,871,107483,-229.83275063346753
123,872,107687,-33.982350463160444
123,873,107815,-27.040724837459237
123,874,108815,55.12067432471779
123,875,109009,-72.41251551742782
123,876,109184,-62.81227231007307
123,877,110184,45.0169662122213
123,878,110365,-14.384716439053577
123,879,110480,-58.17913449883339
123,880,110758,-100.31393924378338
123,881,110964,-84.14969090874656
123,882,111085,-12.522788943539084
123,883,111298,-30.60150282843692
123,884,111501,21.44673612239812
123,885,112501,38.37599006890569
123,886,112619,-55.0253712380011
123,887,112730,35.28234994521307
123,888,112947,-52.3030538493813
123,889,113130,-81.52236480080444
123,890,113306,-85.14582061512247
123,891,113431,-11.236135524488432
123,892,113576,-15.314726697164517
123,893,113687,-202.50365302347578
123,894,113817,-20.49119315927659
123,895,113973,-201.88123653404358
123,896,114083,-68.83481290150792
123,897,114188,-69.32409819343053
123,898,114345,30.936407666177104
123,899,114541,-64.83544137003553
123,900,114685,-47.16757855034322
123,901,114842,-40.56413585699568
123,902,114961,-53.264821710549214
123,903,115133,-3.4416566057404907
123,904,115234,-32.16362118349119
123,905,115526,-49.28508539516412
123,906,115699,23.38175927390796
123,907,116699,50.47783452890511
123,908,116796,-58.77487067140076
123,909,117058,9.128625189716146
123,910,117148,-71.91994359572725
123,911,117327,-10.88165446555341
123,912,117481,-24.803191519748154
123,913,117601,-18.30342200773677
123,914,117824,25.003194266729935
123,915,118107,45.94452324788918
123,916,118394,-46.682339911798366
123,917,118709,-12.537069932067837
123,918,118855,-0.038583160236555614
123,919,119013,-65.04462362581663
123,920,119187,15.69802434551093
123,921,119438,-22.84202721294035
123,922,119698,-90.61761652014175
123,923,119878,28.078596504356682
123,924,120026,6.5904342954149655
123,925,120113,-41.57057971740058
123,926,120279,61.81681891900561
123,927,120386,-1.4704761381562435
123,928,120501,-81.98543572245603
123,929,120636,-9.60503062893784
123,930,120809,-26.573635651354834
123,931,120974,-47.56063343015059
123,932,121072,-188.5615140754099
123,933,121221,-61.571635205053944
123,934,121419,21.014658199247194
123,935,121613,-15.681348477931579
123,936,121736,-9.396044431295294
123,937,121873,-39.63813086036036
123,938,122071,-79.42831060532363
123,939,123071,16.046137591217978
123,940,123185,-9.204007990721252
123,941,123395,-59.369729488697544
123,942,123601,-55.4203512187008
123,943,123792,35.595391241377314
123,944,123991,-52.21257169397829
123,945,124169,-20.464376622535312
123,946,124296,-17.789075035884807
123,947,124464,-39.06660831676956
123,948,124757,-41.31070635761306
123,949,124916,38.32582976727832
123,950,125201,-87.2149588592307
123,951,125363,40.23850060243009
123,952,125522,-154.67490400639943
123,953,125662,-31.12325444988717
123,954,125905,22.256290852521815
123,955,126152,-21.62841334469732
123,956,126241,-32.104227165830665
123,957,126480,-10.074163863199843
123,958,126565,-55.51278134894686
123,959,127565,100.95027899181368
123,960,127654,-95.22014775977463
123,961,128000,-34.04909345414008
123,962,128187,17.918803711129968
123,963,129187,59.717192867607345
123,964,129438,-85.91189664706931
123,965,129655,-29.07339891923536
123,966,129839,-25.452368027838872
123,967,129968,-26.78306685952441
123,968,130415,-93.13369193832088
123,969,130583,-107.47290931711699
123,970,130842,-49.69981290109085
123,971,131095,-29.83175363106065
123,972,131428,-64.44777340823487
123,973,131694,-90.1354359485549
123,974,131831,-23.84572765476699
123,975,132831,61.90183996838918
123,976,132940,-52.66164384871482
123,977,133940,79.67207207338448
123,978,134073,8.891599369986608
123,979,135073,143.21826410493387
123,980,135189,-109.0035095431566
123,981,135410,-47.58278035947957
123,982,135555,-77.70671160609365
123,983,135761,-13.014147277199001
123,984,135961,68.94231710990738
123,985,136114,-35.735055208863386
123,986,136253,26.631902200863905
123,987,137253,10.869068628449359
123,988,137371,-143.03192898319384
123,989,137436,-72.38269162124301
123,990,137511,58.41966365604043
123,991,138511,51.902721347842906
123,992,138698,-17.10070697956614
123,993,138864,25.16866920046867
123,994,139066,-26.645177160603325
123,995,140066,52.26942430578298
123,996,140163,-63.75336182717215
123,997,140264,-19.179121240376674
123,998,141264,74.53786132438312
123,999,141374,5.2230951110243495
123,1000,141448,-26.84389597696574
123,1001,141543,-78.113527322903
123,1002,141635,-26.610190538416063
123,1003,141829,12.8310314311029
123,1004,141946,-72.46720999457435
123,1005,142050,-51.54885593128989
123,1006,142335,-62.86270617058134
123,1007,142471,-19.47791255311064
123,1008,142597,-27.267948214094517
123,1009,142729,-98.97764478741308
123,1010,143080,-198.7050585026885
123,1011,144080,98.69525125065006
123,1012,144248,-27.914825018712648
123,1013,144333,-120.35620143421545
123,1014,144473,55.22291062548811
123,1015,144659,-1.6615070942326469
123,1016,144919,-60.95350586098431
123,1017,145004,-33.24047823853036
123,1018,145122,-73.0993237102152
123,1019,146122,147.01595786543132
123,1020,146353,-34.6191449401753
123,1021,147206,276.2400936733268
123,1022,147296,-22.123474549674526
123,1023,147362,-68.65589689544584
123,1024,147444,-89.54205153958777
123,1025,147505,0.5676008823626972
123,1026,147565,-43.348137049575584
123,1027,147670,-18.34538852015436
123,1028,147794,-56.744113092510545
123,1029,148794,95.83375827983757
123,1030,149794,54.317520337021065
123,1031,149963,-35.85848943244969
123,1032,150124,-4.7502542765703595
123,1033,150312,213.80196093230367
123,1034,150397,-109.02500222482671
123,1035,150535,-35.780877335903114
123,1036,150708,-95.35619701543374
123,1037,150939,-12.81146366794141
123,1038,151939,86.45299921210261
123,1039,152088,-62.05362358147684
123,1040,152148,-65.63381645081732
123,1041,152288,22.292112971474666
123,1042,152435,9.329057249611552
123,1043,153435,133.9331131846709
123,1044,153641,9.857548798471356
123,1045,153761,2.169827393026381
123,1046,154066,-38.597395723257584
123,1047,154378,-26.815066407075435
123,1048,155378,96.68009888642413
123,1049,155714,35.81630422602643
123,1050,156606,186.63316867979609
123,1051,156847,-37.25927631910467
123,1052,157067,-28.287555282321208
123,1053,157450,-26.848906105511176
123,1054,157613,-54.33269393868461
123,1055,157801,-2.315808109729332
123,1056,157959,-5.065926920347891
123,1057,158348,-61.83872464644899
123,1058,159348,-5.989819081002413
123,1059,160348,64.76563369849934
123,1060,160442,-48.992635383712496
123,1061,160554,21.05180853702784
123,1062,160633,-76.17513045624405
123,1063,160745,11.702414961753746
123,1064,161292,-42.7186322165486
123,1065,161530,-45.67267262939617
123,1066,162108,180.92220433990414
123,1067,163108,48.64547619028478
123,1068,163329,-3.255091160450263
123,1069,164184,237.5300802051681
123,1070,165184,111.43349648892261
123,1071,165254,-61.63285909615489
123,1072,166018,241.96852318096413
123,1073,166106,-39.69414734331538
123,1074,166607,146.77957688449857
123,1075,166889,-15.501010300052101
123,1076,167132,-169.62125492768413
123,1077,167960,206.15976189149922
123,1078,168677,286.4874886942537
123,1079,169595,162.04741405889615
123,1080,169738,-47.58921470259996
123,1081,170056,-43.11322522627758
123,1082,170153,-36.31734824252622
123,1083,171153,89.19483062725048
123,1084,172153,31.049811281702652
123,1085,172257,-98.07790635605872
123,1086,172356,1.1844381770326322
123,1087,172471,-40.39032996907714
123,1088,172648,-25.140507359491096
123,1089,173225,167.1955047104401
123,1090,174225,157.79493261618347
123,1091,174569,291.1558257633134
123,1092,174751,17.25191416448729
123,1093,174858,-75.25121989833825
123,1094,174942,-29.925808738961365
123,1095,175080,59.645329824467524
123,1096,175336,278.10207903104555
123,1097,175788,236.93973489884453
123,1098,176013,-26.64122115177058
123,1099,176970,147.6213818127564
123,1100,177073,-6.833886802504253
123,1101,177800,259.9289752758405
123,1102,178040,17.736372047457394
123,1103,178230,14.478353909588023
123,1104,178412,-156.41529310649065
123,1105,178488,-80.81248282986206
123,1106,178580,-77.98223633625966
123,1107,178683,-15.705914866228198
123,1108,178829,46.36760043079545
123,1109,179144,-11.917452293320338
123,1110,179370,-9.684209228634117
123,1111,179618,3.9300531869157993
123,1112,180038,-30.459737385333696
123,1113,180202,-92.73527563719044
123,1114,180318,9.336241364159733
123,1115,180406,-9.068863295338915
123,1116,181193,115.35724503143413
123,1117,181345,38.94956236165541
123,1118,181456,45.25473408410733
123,1119,181522,-46.969474312149515
123,1120,181908,-72.8775963580975
123,1121,182688,190.93174534564375
123,1122,183688,116.9791672230202
123,1123,183812,33.09027111663718
123,1124,184779,-148.30609210593062
123,1125,185779,-8.776014563060688
123,1126,186268,-67.21073709599457
123,1127,186356,-112.3281242217811
123,1128,186453,-94.91367495350465
123,1129,186539,-37.39699226458707
123,1130,186620,-4.315559953229112
123,1131,186899,308.59662491873394
123,1132,187075,-277.31749881495966
123,1133,187191,5.657077087711983
123,1134,188028,143.62019029347329
123,1135,188120,-40.527721991285546
123,1136,188190,-35.824379580594155
123,1137,188583,228.40898020226516
123,1138,188683,-34.4049169962053
123,1139,188742,-87.20472955501386
123,1140,188831,-30.226265225203278
123,1141,188889,-129.1115483008652
123,1142,188988,0.586937456249899
123,1143,189192,24.04913784955258
123,1144,189413,25.004987633836492
123,1145,190413,16.882480252185875
123,1146,190594,41.090857527221914
123,1147,190952,-19.141113735463705
123,1148,191050,-215.29757102269303
123,1149,191192,52.523167988235144
123,1150,191281,-24.063759935995066
123,1151,191388,10.179284540363568
123,1152,191859,255.7181397016781
123,1153,192070,-34.042269862123945
123,1154,192354,-17.259668019638298
123,1155,193292,131.13957773772117
123,1156,193455,-29.656275087769032
123,1157,193530,8.173547726935226
123,1158,193631,30.454435241942065
123,1159,193738,-18.587850144665182
123,1160,193817,-156.50222105472233
123,1161,193912,-15.078899487956932
123,1162,193996,-125.07352727662736
123,1163,194077,-73.23404370628818
123,1164,194141,-107.68056948158963
123,1165,194201,-45.72175806899965
123,1166,194269,-113.89379915876498
123,1167,194336,-82.81904112783837
123,1168,194417,-62.549073648693465
123,1169,194501,-132.477069943073
123,1170,194588,-80.53188606114882
123,1171,194688,-12.55450084829829
123,1172,194822,76.89299653706203
123,1173,195342,-75.12415690583624
123,1174,195481,13.05854208522922
123,1175,195695,34.08672491077638
123,1176,196695,-8.283283270092404
123,1177,197695,-50.90448236264605
123,1178,198003,-129.32205471633674
123,1179,198080,-108.12398349769002
123,1180,198895,-113.22175140137023
123,1181,199023,61.51667725474792
123,1182,199277,225.7123926171314
123,1183,199544,20.922298717571337
123,1184,200544,-13.501271621326882
123,1185,200670,73.15734084553299
123,1186,201670,-60.9786293820999
123,1187,201837,35.44462512303633
123,1188,201940,-166.9194482696919
123,1189,202045,7.5168361971168025
123,1190,202180,61.07336074607528
123,1191,203180,-39.058950066197674
123,1192,203285,-0.14591241620662743
123,1193,204285,-49.76031430492524
123,1194,204512,20.907783243153688
123,1195,205512,-54.37833687928331
123,1196,206180,174.61282116498603
123,1197,207180,-42.8327379651168
123,1198,207345,31.481223980441456
123,1199,207419,-56.96617663797281
123,1200,207473,-59.82966677357997
123,1201,207535,-79.56688505994146
123,1202,207626,-250.50625624293056
123,1203,207738,26.26270590499496
123,1204,207841,-104.85486970088625
123,1205,207914,8.626850997132564
123,1206,208007,-77.77407849068916
123,1207,208076,-104.2519304597145
123,1208,208159,-69.05533702955447
123,1209,208221,-144.61184776526093
123,1210,208296,-266.37626339725017
123,1211,208356,-85.12110129659062
123,1212,208438,-49.74542825017981
123,1213,208722,-52.17420516760838
123,1214,209014,228.49526563448046
123,1215,209103,19.284629742025487
123,1216,209196,-21.910342584706285
123,1217,209276,-94.42542454091324
123,1218,209336,-71.7965668981939
123,1219,209417,-141.4424535453863
123,1220,209490,-76.8983898531464
123,1221,209555,-112.13021416717561
123,1222,209634,-90.22655461526006
123,1223,209694,-83.81879140572153
123,1224,209782,-131.0950088981267
123,1225,209849,-100.24051424966959
123,1226,209908,-66.96963018096406
123,1227,209990,-59.5074681762315
123,1228,210093,-35.678089165979486
123,1229,210151,-86.72826496285708
123,1230,210235,-65.71714498281673
123,1231,210318,-110.8313470548194
123,1232,210413,-10.514397800886826
123,1233,211268,117.08443174639017
123,1234,211432,53.119455109105814
123,1235,211546,33.88316206932811
123,1236,211651,-9.148119722086705
123,1237,211887,-0.20169832266522292
123,1238,212059,-151.71190386309596
123,1239,212142,-235.06110157557382
123,1240,212202,-51.798009223222465
123,1241,212257,-97.47308932667747
123,1242,212347,-146.30715549296468
123,1243,212432,-66.14114454709124
123,1244,212494,-118.49366621681735
123,1245,212571,5.84329888829258
123,1246,212645,-71.59730897362203
123,1247,212917,-11.417676769151711
123,1248,213029,-77.07241401346029
123,1249,213116,-258.50735645983707
123,1250,213214,-43.61633220291924
123,1251,213308,-73.86725668703899
123,1252,213548,-16.810220002546416
123,1253,213608,-26.968135109384207
123,1254,213698,-102.8708939507979
123,1255,213801,-4.446599416999632
123,1256,213894,-49.36292315100357
123,1257,213966,-74.08114167589213
123,1258,214062,-77.88220452019932
123,1259,214141,-104.76502763748948
123,1260,214203,-100.71247655981418
123,1261,214277,-28.446460677880964
123,1262,214370,-97.17320972798548
123,1263,214483,-21.46295085074287
123,1264,214586,45.916538465719384
123,1265,214721,-46.61183166387026
123,1266,215147,-11.683572673608737
123,1267,215888,-87.14942240972663
123,1268,216510,204.19517242363224
123,1269,216674,-28.49793760869987
123,1270,216898,296.0992270023522
123,1271,217332,-19.048052222019635
123,1272,218019,207.87723160379946
123,1273,219019,-34.7186983198516
123,1274,219194,-168.28849710008637
123,1275,219294,-14.698098393252494
123,1276,219998,-150.70170124055576
123,1277,220099,-101.43034120077755
123,1278,220395,2.641593674571709
123,1279,221395,-43.65629945707648
123,1280,221506,-10.545078079605958
123,1281,222506,-23.606874764331817
123,1282,223506,-11.543670740438081
123,1283,223938,-53.30417147336023
123,1284,224046,-73.46209335687549
123,1285,224145,-210.0510933623006
123,1286,224327,285.41249272209427
123,1287,225327,-23.996465510197023
123,1288,226314,151.46952971450065
123,1289,226434,24.757368585285263
123,1290,226573,27.406766356553717
123,1291,226657,-112.80738804180916
123,1292,226747,4.776843586402904
123,1293,226839,41.23162866577235
123,1294,227178,238.17499153327842
123,1295,228178,14.611298429793562
123,1296,228874,210.24222444667373
123,1297,229389,266.64576732742154
123,1298,229493,-4.472712956645083
123,1299,230493,-34.4531257460974
123,1300,230682,45.56316443301813
123,1301,230970,272.3710744001628
123,1302,231126,-40.01656488457034
123,1303,231201,-51.288528806161395
123,1304,231906,168.3890369666563
123,1305,232725,169.31102767096638
123,1306,232947,307.2211844850938
123,1307,233920,131.11303349055632
123,1308,234018,69.01991916829613
123,1309,234101,-27.539466153401477
123,1310,234166,-156.65145243176005
123,1311,234243,-204.92495882946127
123,1312,234340,0.8244732940345756
123,1313,234429,-82.64412930182516
123,1314,234496,-52.98689276365228
123,1315,234555,-23.589694984102806
123,1316,234659,-15.784817083552255
123,1317,234740,-7.933754971836734
123,1318,234832,-171.82410618056176
123,1319,234919,37.89219644285586
123,1320,234996,-159.7141843575791
123,1321,235075,-84.84517575300194
123,1322,235169,31.350600114522706
123,1323,235250,-150.8461874315277
123,1324,235307,-44.57396751804525
123,1325,235365,-41.89075616446193
123,1326,235447,-87.68547733229873
123,1327,235505,-59.50413867435558
123,1328,235577,-98.3676854290014
123,1329,235667,9.724652876049106
123,1330,235783,19.07446861702863
123,1331,235936,-139.26646536376782
123,1332,236024,11.614122761825328
123,1333,236292,230.2024752115818
123,1334,236410,-131.75691389271722
123,1335,236526,26.681269720731095
123,1336,236745,-25.60845277756674
123,1337,236893,-144.50398918530894
123,1338,236963,-55.53577501513054
123,1339,237070,29.753247323567393
123,1340,237935,164.99131031678684
123,1341,238935,-55.14171136027497
123,1342,239935,-32.16352324939464
123,1343,240067,15.123919857791364
123,1344,240172,-55.04020128482931
123,1345,240271,-288.5206853739892
123,1346,240382,-31.36846413292764
123,1347,240489,-226.76560179275629
123,1348,240564,-276.9376311984282
123,1349,240663,-220.13720509979038
123,1350,240795,-43.39284155830693
123,1351,241418,186.00166203443302
123,1352,241594,71.42383204875955
123,1353,241722,-12.19016407927576
123,1354,242514,146.05870630419537
123,1355,243109,216.6958496566296
123,1356,243273,-9.433848182491445
123,1357,243834,189.19519394049962
123,1358,244127,-0.6739235972682991
123,1359,244402,277.81901921184703
123,1360,244627,273.29988296902695
123,1361,244724,18.28051964855385
123,1362,244805,-65.51159354818465
123,1363,244899,-36.891415461709315
123,1364,244973,-90.6880472194561
123,1365,245074,-26.947302139132177
123,1366,245181,-3.091213736658844
123,1367,245969,184.57199506572448
123,1368,246065,9.462150315911543
123,1369,246135,-74.65260917615387
123,1370,246198,-162.74115056122446
123,1371,246265,-152.24942486258226
123,1372,246318,-108.7734913118
123,1373,246396,-104.57543715750302
123,1374,246466,-131.03711082053908
123,1375,246549,-96.78154312694038
123,1376,246605,-70.66859711851899
123,1377,246676,-186.4032114128048
123,1378,246747,-152.46002742944114
123,1379,246815,-67.25538415303642
123,1380,246892,-3.8909029537013
123,1381,246963,19.88004530572394
123,1382,247963,-53.15134737685732
123,1383,248777,188.25528479322287
123,1384,249268,240.9301492034412
123,1385,249578,219.48128838760664
123,1386,249675,26.036355071396258
123,1387,249979,259.8101181247242
123,1388,250759,160.56744671710254
123,1389,250894,-152.71672947313823
123,1390,251007,5.172289608996536
123,1391,251203,20.89140522988484
123,1392,251301,-15.909279979293018
123,1393,251680,289.6759230740232
123,1394,251824,2.1805448346071756
123,1395,252055,260.35945229540323
123,1396,252632,212.79193079908282
123,1397,252764,12.105952018193491
123,1398,252870,5.45496504564683
123,1399,252973,51.1386681756685
123,1400,253973,-60.37564397981456
123,1401,254066,59.144034890616155
123,1402,254160,26.38765746182942
123,1403,254217,-54.160995393214534
123,1404,254303,28.383232826761684
123,1405,254394,-130.63179305500927
123,1406,254452,-106.06649787746709
123,1407,254543,61.89953292130983
123,1408,254637,-19.92608588306956
123,1409,254731,8.018829596990585
123,1410,255017,282.095463274864
123,1411,256017,35.87132709018505
123,1412,256122,17.297768274976278
123,1413,256202,18.901544088008137
123,1414,256299,-3.3361999429891114
123,1415,257220,133.0275294075552
123,1416,258220,-19.504646000100912
123,1417,258608,220.85315333367362
123,1418,258690,-289.4440448132416
123,1419,258773,-202.8203183703721
123,1420,258865,-43.44377990034977
123,1421,259230,285.64581098340955
123,1422,259316,-152.00371469896788
123,1423,259394,-322.2954561108319
123,1424,259484,-160.81997039038777
123,1425,259543,-29.673239061919844
123,1426,259624,-30.78573892589945
123,1427,259850,-48.85101035587614
123,1428,259970,15.96844793008566
123,1429,260081,11.10174243556871
123,1430,260173,-284.384686740876
123,1431,260686,242.66913096751404
123,1432,260796,-14.85228284207507
123,1433,260882,-11.232929347456462
123,1434,260947,-96.03025797228992
123,1435,261018,-54.33348794177142
123,1436,261092,-19.670090301252472
123,1437,261183,8.182956393302021
123,1438,261257,-51.245577590813696
123,1439,261329,-13.708520706558204
123,1440,261407,-37.37087200704924
123,1441,261525,-71.93447595025154
123,1442,261653,-69.11505246224839
123,1443,261731,-3.8314778693931117
123,1444,261899,224.97452527412688
123,1445,262011,-0.6185576210578319
123,1446,262099,-24.991998625942585
123,1447,262184,-113.00486382965757
123,1448,262421,224.98382969575408
123,1449,262691,275.60468573935344
123,1450,263276,179.19457432427848
123,1451,263375,48.39967290971032
123,1452,263480,-55.948496036051296
123,1453,263582,-215.06857737322318
123,1454,264102,193.86235576164964
123,1455,264208,-269.7683484883672
123,1456,264300,-339.69403599752263
123,1457,264385,-297.3564478154643
123,1458,264444,-93.37174796821955
123,1459,264524,-306.0876354461557
123,1460,264587,-122.76623268131323
123,1461,264686,-95.60237860006418
123,1462,264789,9.829304741496003
123,1463,264904,-14.176616155578941
123,1464,265304,248.5793005375524
123,1465,266228,138.55594275282735
123,1466,266347,45.176497451649
123,1467,267347,-29.69326091046841
123,1468,267483,21.19446906911601
123,1469,268483,-4.2020822369080255
123,1470,268751,267.19507967610866
123,1471,268851,-131.4614748474685
123,1472,268928,-47.59237335476317
123,1473,269027,11.693821145834718
123,1474,269109,-50.83393027099915
123,1475,269191,-194.4745168867098
123,1476,269268,-65.46731448090576
123,1477,269357,-296.04582903416247
123,1478,269457,-17.39051747197361
123,1479,269526,6.389216725726129
123,1480,269598,-4.758680314865032
123,1481,270598,-42.91693121615667
123,1482,270754,15.187631705848716
123,1483,270894,-332.03220601494644
123,1484,271089,303.4223835214625
123,1485,271247,-169.53182491916527
123,1486,271560,219.03912103940195
123,1487,271721,26.305474169032408
123,1488,272237,236.4378619863207
123,1489,272760,220.61952643497875
123,1490,273317,192.9250649724838
123,1491,273399,-206.41924473791232
123,1492,273492,-151.1391245789206
123,1493,273550,-71.4140085487027
123,1494,273632,-46.376730876661824
123,1495,274412,229.82913905534392
123,1496,274677,-40.827222083545905
123,1497,274829,-38.0266360880518
123,1498,275065,241.32256899057919
123,1499,275153,-154.55234808463197
123,1500,275247,-86.21858436504638
123,1501,275343,4.007750491335244
123,1502,275746,248.04123880136822
123,1503,276715,129.20060648775166
123,1504,276815,-100.29251398546388
123,1505,276905,-26.222169397891008
123,1506,277195,211.11286894456094
123,1507,277796,193.24614873850487
123,1508,277889,-41.71745075313551
123,1509,278879,153.63397880250915
123,1510,279210,276.05666636460296
123,1511,280210,-17.824043196526652
123,1512,280317,-55.308311362336
123,1513,280645,-62.715386771618974
123,1514,280849,-10.738459805318982
123,1515,280933,-31.24484574115327
123,1516,281503,179.9106114005517
123,1517,281589,-221.7387428811189
123,1518,281657,-55.46678364257946
123,1519,281748,-60.474148756944466
123,1520,281870,-11.255427439362848
123,1521,282008,-38.90757441298449
123,1522,282100,-84.82285920379337
123,1523,282179,-3.19054206877793
123,1524,282333,236.93565369715893
123,1525,282474,56.56886887956139
123,1526,282576,-29.716974586919022
123,1527,283411,200.59633781773863
123,1528,283487,14.516040403026238
123,1529,283592,27.03851790165946
123,1530,284040,246.4623381480313
123,1531,284130,21.65976740175003
123,1532,284429,251.22198147462146
123,1533,284599,-158.34470944305411
123,1534,284835,269.00171175349874
123,1535,284924,-255.32533413400208
123,1536,285199,254.60098174323855
123,1537,285781,210.14147196705395
123,1538,286093,276.7988237373712
123,1539,286240,-170.27127619095904
123,1540,286662,222.1832263991811
123,1541,286731,-42.18888648317183
123,1542,286798,7.746134031809007
123,1543,286896,20.913262659515794
123,1544,287005,8.608834993434314
123,1545,287115,7.127332923092496
123,1546,287398,231.12114795765274
123,1547,287511,-13.326317222817949
123,1548,287641,-11.454695459359087
123,1549,287901,277.56912791871406
123,1550,287980,-35.66037172281595
123,1551,288100,12.098089645956208
123,1552,288179,-23.68986274371025
123,1553,288282,-12.695453535010387
123,1554,288677,190.40378491991174
123,1555,289139,213.99278262200528
123,1556,289945,170.0254017777169
123,1557,290049,-3.364808030097933
123,1558,290148,-78.81555574103704
123,1559,290287,6.683566689074269
123,1560,290750,223.18787199296875
123,1561,291276,199.22885519833312
123,1562,291892,174.6127007995861
123,1563,292143,258.6032440129234
123,1564,292252,-37.68172689252191
123,1565,292325,-1.6452609360103025
123,1566,292435,10.48121786124642
123,1567,292620,-178.36296187866674
123,1568,292784,26.98868341130813
123,1569,292909,-10.137169272368737
123,1570,293041,17.304629816868115
123,1571,293156,42.373249593796885
123,1572,293258,-150.5130237502708
123,1573,293335,-28.498880057822348
123,1574,293422,-307.77170171883154
123,1575,293546,27.75943191069264
123,1576,293635,-64.60564830836813
123,1577,293779,34.423225574905786
123,1578,293902,49.73381474565781
123,1579,294139,203.97509582381758
123,1580,294210,-157.91717650465873
123,1581,294274,-157.79631779853827
123,1582,294336,9.637218351186263
123,1583,294437,-221.69922177659237
123,1584,294508,-197.56640005547064
123,1585,294565,-37.034761052418446
123,1586,294618,-62.479189962778804
123,1587,294696,-93.23560602191276
123,1588,294771,-30.01036285021192
123,1589,294867,-35.56791738095795
123,1590,294953,56.32728979452793
123,1591,295388,254.24377023444737
123,1592,296064,255.69466143999315
123,1593,296393,246.75303204878588
123,1594,296460,-142.52466877972313
123,1595,296571,-289.5880138293544
123,1596,296678,21.267200475770636
123,1597,296769,-160.02975579331655
123,1598,296857,-8.303668642609225
123,1599,296968,-33.44482969547593
123,1600,297968,-23.055855628003496
123,1601,298097,42.868770480173595
123,1602,298182,-174.63218167407132
123,1603,298254,-84.46629392411822
123,1604,298343,-93.27220097510067
123,1605,298424,-54.095232746214165
123,1606,298488,-45.943451055987424
123,1607,298579,-22.35234839132626
123,1608,298634,-84.78192038270706
123,1609,298751,50.35299443813096
123,1610,298950,251.50303986687356
123,1611,299059,-17.565619387795692
123,1612,299700,215.6770245198889
123,1613,299807,28.799467495966326
123,1614,299888,10.313167800223397
123,1615,299997,-35.77973950935889
123,1616,300263,-147.79681273265578
123,1617,300366,45.73558038677953
123,1618,300514,-4.656742036217167
123,1619,300591,-66.61634448618514
123,1620,300658,-13.262497777272273
123,1621,300743,15.32530035468956
123,1622,300823,17.46852558951022
123,1623,300910,-25.82511982649855
123,1624,301056,-167.2369962194491
123,1625,301524,214.54017280457634
123,1626,301716,-153.98126264760012
123,1627,301827,-133.35957639899604
123,1628,301939,9.701265895151025
123,1629,302929,84.04336708238122
123,1630,303021,-7.958547864833889
123,1631,303373,218.04148475783657
123,1632,303556,49.700902075816714
123,1633,303728,54.859201663277815
123,1634,303843,13.56151004053119
123,1635,303937,-6.951655709847145
123,1636,304014,-58.42163131713694
123,1637,304131,-4.4179941941681165
123,1638,304231,-25.343035879785702
123,1639,304314,-14.766926516220636
123,1640,305225,215.6060541834893
123,1641,305337,-14.411998714634507
123,1642,305467,32.949905947592754
123,1643,305562,-136.9704043744341
123,1644,305646,-72.25821306523407
123,1645,305721,-76.50179125773043
123,1646,305808,-151.7979360765529
123,1647,305906,-45.33838270346704
123,1648,305985,-80.98099416532929
123,1649,306104,-166.65227425270092
123,1650,306398,258.5947658075039
123,1651,306510,-107.74378940129928
123,1652,306597,-198.09379044681236
123,1653,306699,-35.504671017795445
123,1654,306791,-94.87524049725232
123,1655,307011,240.26472854616338
123,1656,307142,85.57033526047184
123,1657,307427,195.53958923003586
123,1658,307520,-90.25166396826269
123,1659,307599,-219.7048284038243
123,1660,307697,-15.535925334133282
123,1661,307785,-38.47776217313749
123,1662,307872,-45.27451004478338
123,1663,307994,-101.02653787172349
123,1664,308086,-53.24991239897433
123,1665,308415,202.64563668963962
123,1666,309415,-74.80293898132852
123,1667,309824,229.2584558311987
123,1668,309993,-12.847310967711081
123,1669,310086,-74.88602585664191
123,1670,310189,-162.23688589552248
123,1671,310287,-20.816087724789767
123,1672,310683,224.83307716992297
123,1673,310785,-9.220835129199443
123,1674,310897,20.582680202377006
123,1675,311211,254.37414862974447
123,1676,311728,186.61287635185585
123,1677,312262,171.58114228315696
123,1678,313125,132.73622885865893
123,1679,313664,-28.43504132736325
123,1680,314664,-5.589253206649035
123,1681,314854,34.97027327308271
123,1682,315001,-168.07040819118396
123,1683,315598,-109.6380135376163
123,1684,315758,-11.316783257827268
123,1685,316105,223.21735989202955
123,1686,316627,238.33189403397753
123,1687,317237,-45.20176254624809
123,1688,317383,6.433577061943609
123,1689,317639,261.098719623603
123,1690,317808,-3.0626709372146337
123,1691,317951,4.653456685771744
123,1692,318428,209.7935833150721
123,1693,318563,17.46773335025641
123,1694,318671,11.917042523018594
123,1695,319100,230.62937054489043
123,1696,319351,-6.594850360329104
123,1697,319586,-103.95919978950162
123,1698,319895,237.2595616030492
123,1699,320067,25.713797857199125
123,1700,320386,246.40523424611425
123,1701,320506,61.2139723242648
123,1702,320653,62.895145629246
123,1703,320907,273.1191462060691
123,1704,321123,-0.02595650769087854
123,1705,321396,271.6280249931382
123,1706,321650,295.63043983108037
123,1707,322501,163.4872990815395
123,1708,322744,277.30314984541894
123,1709,323195,215.6283072274855
123,1710,323830,-76.24021036694248
123,1711,324105,268.2617339103607
123,1712,324666,202.24472479613064
123,1713,325081,230.98334267468692
123,1714,325397,267.98202248254336
123,1715,325754,-8.50317984043653
123,1716,326135,241.61886543771834
123,1717,326228,-2.4283878644096433
123,1718,326301,-4.839475721018204
123,1719,326505,287.42701676471944
123,1720,326656,27.482579641021317
123,1721,326759,-41.09219547343754
123,1722,326846,-59.69727880324339
123,1723,326921,34.783500549827096
123,1724,326982,-105.17479150464555
123,1725,327073,-32.960439574591206
123,1726,327135,-114.9924959412171
123,1727,327213,-74.9523187581329
123,1728,327299,-95.09226567719472
123,1729,327590,226.65967548551436
123,1730,327967,-26.348434789809843
123,1731,328313,206.4368620750515
123,1732,328586,301.93486102694055
123,1733,328842,292.2020461762463
123,1734,328950,-33.42728785128023
123,1735,329025,-236.96363613016365
123,1736,329177,45.861996134163064
123,1737,329280,34.1484237972962
123,1738,329381,-12.753635345264712
123,1739,329473,-22.794768748354727
123,1740,329552,-136.5965832103928
123,1741,329629,32.04823826049014
123,1742,329702,-46.4001423530865
123,1743,329823,81.6506687163457
123,1744,330153,8.956617647835415
123,1745,330291,-166.30645230315315
123,1746,330419,68.9201814535599
123,1747,330834,200.57205634026238
123,1748,331234,239.53309823393397
123,1749,331452,-7.77988872022226
123,1750,331563,37.84311531218998
123,1751,331947,251.2037997203502
123,1752,332107,39.39577137547883
123,1753,332258,-47.29450726965621
123,1754,332335,-171.1323970482249
123,1755,332393,-108.51744805835285
123,1756,332473,-20.955199252554536
123,1757,332560,-35.17558910786606
123,1758,332657,-92.67354025032672
123,1759,332749,-214.37455894617685
123,1760,332844,-117.38931359459052
123,1761,332907,-52.7742070527041
123,1762,332999,-91.20055334033158
123,1763,333109,23.496013238306645
123,1764,333179,4.498765532856993
123,1765,333254,-1.4863569138569233
123,1766,333336,-204.78202824724283
123,1767,333425,-66.54799147316459
123,1768,333515,-138.85916509786122
123,1769,333606,-107.68950595242977
123,1770,333669,-54.63887583408108
123,1771,333775,-8.214004462245015
123,1772,333865,-2.720799876602854
123,1773,333945,-155.80570312250558
123,1774,334012,-224.16767248776767
123,1775,334092,-123.89023314375376
123,1776,334146,-89.56961623014803
123,1777,334218,-183.81672141013323
123,1778,334286,-166.46772243838672
123,1779,334353,-119.86816265322075
123,1780,334429,-87.00358180562154
123,1781,334516,-180.19762547861342
123,1782,334604,-178.07966768258606
123,1783,334677,-44.858262690864194
123,1784,334749,-127.71213650339303
123,1785,334848,-159.36319614629548
123,1786,334958,-321.65515307413386
123,1787,335067,43.90051373633014
123,1788,335668,206.96897681372968
123,1789,335888,282.33212045917804
123,1790,336251,212.72661308329612
123,1791,336362,17.00614504794889
123,1792,336590,-138.31059787584744
123,1793,336913,263.7841484802828
123,1794,337086,30.557053478710287
123,1795,337170,-162.2941360374961
123,1796,337285,58.03424686757356
123,1797,337643,243.96047586739846
123,1798,337943,276.8931939208033
123,1799,338450,206.51200742466511
123,1800,339173,166.57113526098112
123,1801,339391,31.728413187229535
123,1802,339464,-24.79328097353408
123,1803,339565,-73.92018423417244
123,1804,339655,-46.92481223690332
123,1805,339848,249.48957614263176
123,1806,340189,197.33993084629594
123,1807,340301,30.43785963543948
123,1808,340395,-58.0407335983248
123,1809,340636,283.03116564189406
123,1810,341053,242.09115880237493
123,1811,342053,157.90820651703467
123,1812,342476,250.67787469634553
123,1813,342693,265.69520857738206
123,1814,343128,-221.08644424378377
123,1815,343255,-136.70888774713075
123,1816,343414,-183.27493127827415
123,1817,343740,228.55412613604392
123,1818,344332,175.48705566588444
123,1819,344752,220.62918415144978
123,1820,344846,42.31944422665825
123,1821,344962,54.16882964184191
123,1822,345040,-47.681511737592956
123,1823,345140,-40.28570328462912
123,1824,345245,-17.23087877696061
123,1825,345332,30.18219214667303
123,1826,345408,-117.75015426089499
123,1827,345487,-128.37984010767158
123,1828,345561,-168.8976889712422
123,1829,345647,-241.9863466322242
123,1830,345715,-55.26944357610952
123,1831,345776,-167.50993142768792
123,1832,345839,-84.40752665761173
123,1833,345916,-188.89934407512862
123,1834,345994,-174.5690222068001
123,1835,346053,-18.870777680958128
123,1836,346120,-14.705730910924302
123,1837,346201,22.898441991037487
123,1838,346564,202.67920752996804
123,1839,346660,-7.602600208751369
123,1840,346733,-103.57882665949096
123,1841,346809,-99.55434907359553
123,1842,346903,-274.50569488907354
123,1843,346963,-79.35151946272498
123,1844,347023,-62.95992920551791
123,1845,347092,-88.59525280343195
123,1846,347176,-137.39469095275635
123,1847,347246,-44.892875043584496
123,1848,347352,6.591439011455748
123,1849,347474,-230.24652659281523
123,1850,347682,259.0358089926052
123,1851,347794,-30.76370514368233
123,1852,348042,232.66959669572933
123,1853,348530,146.23708931909997
123,1854,349530,-86.46358087735065
123,1855,349914,221.26879951827368
123,1856,350887,152.46399815338233
123,1857,351023,-133.04776699634604
123,1858,351265,215.99511010161572
123,1859,351584,261.61481779744656
123,1860,351720,59.94985436775892
123,1861,351796,-72.76595528783054
123,1862,351850,-108.84247175321497
123,1863,351934,-122.24657067635393
123,1864,352016,-97.80833334252553
123,1865,352085,-89.48070860242669
123,1866,352170,-201.80349868711278
123,1867,352267,-19.278775949019078
123,1868,352366,-187.16851273420508
123,1869,352500,-42.76153463905234
123,1870,352594,-210.1597188626708
123,1871,352811,-7.10377297682345
123,1872,353135,231.20521359266974
123,1873,353390,229.75187287259413
123,1874,353708,238.59718202276935
123,1875,353916,301.7395487976693
123,1876,354034,-4.984114046458856
123,1877,354392,250.97662680132953
123,1878,354620,219.54150960630955
123,1879,354708,-24.097079094175783
123,1880,354792,-60.07196010439898
123,1881,355148,245.86833261151872
123,1882,355716,243.62487695083306
123,1883,355800,-56.41989030232676
123,1884,355900,-19.770156623660654
123,1885,356004,-4.590958488696884
123,1886,356090,-112.72210862425375
123,1887,356192,3.138340494332425
123,1888,356583,234.6454092675194
123,1889,356668,23.895405836717856
123,1890,356728,-82.33118865242484
123,1891,357368,169.14365211712635
123,1892,357431,-5.409671629690749
123,1893,357494,-141.4546041851015
123,1894,357650,22.875740127389534
123,1895,357903,284.98477100124893
123,1896,358235,219.07578736776333
123,1897,358686,216.35459361669928
123,1898,358793,-16.590539419592503
123,1899,358866,-50.17919192328439
123,1900,359866,-59.2188764733397
123,1901,359969,32.49645319501707
123,1902,360047,-181.3311308124202
123,1903,360140,47.788494544475185
123,1904,360506,218.0374455426866
123,1905,360633,88.93743114020307
123,1906,360734,-33.05765921186392
123,1907,361035,271.10831660266865
123,1908,361107,-47.62949291625567
123,1909,361195,-250.53259919134607
123,1910,361265,-210.20670549500596
123,1911,361320,-219.507386349439
123,1912,361398,5.093215760390478
123,1913,361482,-145.8239352670683
123,1914,361566,-31.5523359010286
123,1915,361803,270.06249270555526
123,1916,362795,98.36212942094569
123,1917,362930,66.65435343161673
123,1918,363021,-69.84193046935786
123,1919,363106,18.57745248236951
123,1920,363185,-244.03451690129015
123,1921,363282,-173.33917524450393
123,1922,363354,7.8899358944945845
123,1923,363552,242.43933799445477
123,1924,363615,9.047022408994792
123,1925,363669,-71.0551037552751
123,1926,363769,-15.519894400604713
123,1927,364740,122.68392438809073
123,1928,364843,-304.22450861476636
123,1929,364932,-123.72670697173689
123,1930,365009,-232.1767500192401
123,1931,365092,-173.0107439743822
123,1932,365171,-124.91794742107288
123,1933,365242,42.50949066842324
123,1934,365482,233.10560257943598
123,1935,365581,35.78114006901683
123,1936,365841,240.4942843266899
123,1937,366348,173.80990841491175
123,1938,366614,240.9433032845916
123,1939,366722,-50.64937575368987
123,1940,366806,-195.82956028106952
123,1941,366891,-105.69604999347149
123,1942,366974,-43.71435998123293
123,1943,367056,-176.8530642166442
123,1944,367116,-81.8880690586036
123,1945,367192,-97.98059372753617
123,1946,367263,5.5742724694804195
123,1947,367345,-102.90526406737833
123,1948,367434,-141.61047986322998
123,1949,367507,-29.609019979979465
123,1950,368054,217.28284626751287
123,1951,368201,-11.921172645111568
123,1952,368291,22.822322759644123
123,1953,368955,151.12726435878872
123,1954,369348,249.77028236831467
123,1955,369648,238.86794467399045
123,1956,369739,7.890759719051587
123,1957,369970,229.74146315835122
123,1958,370058,39.29367568800228
123,1959,370205,-135.0128636891871
123,1960,370592,224.2915845207808
123,1961,370672,-119.91009612242466
123,1962,370789,34.76421376811865
123,1963,370910,-15.807921561903399
123,1964,371023,-24.002712376781332
123,1965,371174,66.74597346659607
123,1966,371499,282.0587842321703
123,1967,371589,27.426109462070016
123,1968,371921,252.75131054969313
123,1969,372024,-25.45629889236396
123,1970,372308,302.4932606984775
123,1971,372424,86.77005068286087
123,1972,372533,8.290632851895339
123,1973,372637,-26.888870670539575
123,1974,372726,-58.483760241747696
123,1975,373040,235.70689394078087
123,1976,373198,16.154999970017485
123,1977,373471,278.317087241806
123,1978,374471,141.49813054756925
123,1979,374619,58.98856597398958
123,1980,374781,-151.04261180143163
123,1981,375009,264.68994519488473
123,1982,375399,238.66127674094537
123,1983,375629,-146.2127185079192
123,1984,375730,-58.06289716638212
123,1985,375816,-192.71055224427067
123,1986,375899,-195.80581547971514
123,1987,375963,8.259861292895678
123,1988,376034,-17.65818631060941
123,1989,376116,-6.75269737436993
123,1990,376279,-144.79865898069778
123,1991,376376,32.494309612604354
123,1992,376662,248.79540241408804
123,1993,376747,-23.014259053038643
123,1994,376838,-43.140687359131576
123,1995,377100,243.6561607376811
123,1996,377353,204.3566017879527
123,1997,377463,49.174075332964605
123,1998,377554,-73.42568386997512
123,1999,377668,-79.75261933097842
123,2000,377744,-19.27730170760462
123,2001,377821,-270.1610456109066
123,2002,377876,-50.36755091573505
123,2003,377940,-108.24261461559763
123,2004,378023,-64.65004278161716
123,2005,378117,-42.75188651358285
123,2006,378212,-31.115610121517037
123,2007,378297,-96.81423931188229
123,2008,378484,237.2925421371379
123,2009,378601,38.93777939543233
123,2010,378788,37.14214412396893
123,2011,378933,42.890371970185356
123,2012,379770,231.3529530927931
123,2013,379911,10.781791064372584
123,2014,380057,-140.30333015641102
123,2015,380416,230.11610658642718
123,2016,380922,211.67918216317594
123,2017,381364,260.3406435730866
123,2018,381490,-34.9038841845897
123,2019,382206,163.83262814417088
123,2020,383087,147.67989315497192
123,2021,383587,241.38033911278183
123,2022,384209,175.92955830249687
123,2023,385209,-9.260889755899099
123,2024,385378,65.3620353578394
123,2025,385495,79.50560138157579
123,2026,385632,-5.546993823110498
123,2027,385706,-123.13904813710927
123,2028,385786,19.242243474590325
123,2029,385900,10.795220373414253
123,2030,385966,-93.34611819360664
123,2031,386273,223.31662421071997
123,2032,386352,-22.197681486539608
123,2033,386467,-186.3595837473056
123,2034,386569,-167.3054786494518
123,2035,386629,-2.010650759816059
123,2036,386708,47.96593635375041
123,2037,386806,-59.86343891958873
123,2038,386909,5.4633456595256575
123,2039,387362,196.82320289285389
123,2040,387461,30.161692272968224
123,2041,387562,0.7158912359132756
123,2042,387683,-15.032035775108895
123,2043,387796,-16.78746944689574
123,2044,387988,26.770439849680827
123,2045,388159,13.334609268083682
123,2046,388253,-37.9513924842646
123,2047,388316,-73.6684748090239
123,2048,388427,24.1769649010117
123,2049,388538,21.97855559635805
123,2050,388625,18.540870231137987
123,2051,388720,-81.64019318882607
123,2052,388982,258.963777991768
123,2053,389400,204.97743917229513
123,2054,389634,280.28479753886813
123,2055,389728,-8.869298643071886
123,2056,389828,0.2569386710784869
123,2057,389919,-174.44721504795004
123,2058,390144,267.458373602057
123,2059,390268,-21.42428934187616
123,2060,390362,-90.44585345756788
123,2061,390438,-59.12266068143178
123,2062,390535,-8.529636538794747
123,2063,390916,-12.194781746239869
123,2064,391012,-22.695398553275666
123,2065,391112,15.28732026614692
123,2066,391201,-36.387161182687635
123,2067,391276,-105.3730035866134
123,2068,391338,-45.977596631642854
123,2069,391425,36.82615937954273
123,2070,392025,190.80494470361418
123,2071,392408,224.76971991189873
123,2072,392496,-5.3012405226647985
123,2073,392586,-64.57240426415515
123,2074,392695,-26.095408227207486
123,2075,392777,-42.759994927498994
123,2076,392885,-26.763488785457966
123,2077,392977,-5.085625624271586
123,2078,393056,26.975859817336527
123,2079,393282,279.7378631953313
123,2080,393523,301.95711393470526
123,2081,393655,54.429721276524276
123,2082,393769,33.53332882518984
123,2083,393998,303.0860861811533
123,2084,394214,6.05486627591219
123,2085,394464,286.2566498805571
123,2086,395464,156.84233889471784
123,2087,395915,234.86746852673326
123,2088,396014,30.15815217594084
123,2089,396175,-19.89384202704605
123,2090,396262,-54.462685357058916
123,2091,396355,-184.2193112372674
123,2092,396459,-43.43510071628387
123,2093,396784,220.8551714838388
123,2094,397447,-291.35530572932475
123,2095,397530,-281.42587876746154
123,2096,397709,-46.27097989123669
123,2097,397995,242.86187911341472
123,2098,398965,101.46333130371718
123,2099,399310,221.3507401335963
123,2100,399597,258.84422852264606
123,2101,399685,-243.6862219722182
123,2102,399745,-117.0337739231127
123,2103,399829,-76.14618599019047
123,2104,399911,-199.13233476962466
123,2105,399999,-15.237924294186698
123,2106,400085,-40.62427208985263
123,2107,400455,189.42628567407704
123,2108,400547,24.205486391989155
123,2109,400666,-51.36003045465028
123,2110,400751,-30.478522280814914
123,2111,401384,200.35459503568916
123,2112,401828,227.62193997937868
123,2113,401957,78.43660843787819
123,2114,402061,-76.0255852280415
123,2115,402147,-118.2928173360255
123,2116,402250,0.6173269579774825
123,2117,402343,8.712306712087226
123,2118,402422,-88.14083977893338
123,2119,402512,-37.06611034406292
123,2120,402613,-39.71446821175127
123,2121,402685,4.81509902014254
123,2122,402761,8.770386116705495
123,2123,402878,-14.698767012902863
123,2124,402982,-51.84478805817774
123,2125,403053,-159.384986084981
123,2126,403184,55.54619005560349
123,2127,403351,12.144494053509504
123,2128,403445,-87.6937721865424
123,2129,403543,43.912024659497234
123,2130,403865,221.95432564569848
123,2131,404079,252.17760858342382
123,2132,404560,216.83790670514517
123,2133,405560,-33.78636605743183
123,2134,405695,-171.71957651574314
123,2135,405866,217.62833260260243
123,2136,406866,-21.801451715944438
123,2137,407096,220.85296222552097
123,2138,408096,-58.37664879220589
123,2139,408218,-19.798845510818808
123,2140,408336,-50.63189339971028
123,2141,408690,219.51317354619826
123,2142,408966,251.4157750041996
123,2143,409064,-15.155675156306785
123,2144,409458,222.7591647857509
123,2145,409535,-167.11014267397775
123,2146,409605,-17.297124643445017
123,2147,409704,-179.53761736492476
123,2148,409796,-239.2218408174152
123,2149,410221,209.23090979533293
123,2150,410463,282.2019000626652
123,2151,410557,-323.7042666723555
123,2152,410666,-10.983791272201827
123,2153,410863,275.6815871856327
123,2154,411076,257.13965948088753
123,2155,411164,-302.96473944516003
123,2156,411320,5.901980988028782
123,2157,411539,276.4750070022695
123,2158,411623,-264.1409506973446
123,2159,412109,199.4535695225124
123,2160,412691,199.3357118112519
123,2161,412932,276.51959443376734
123,2162,413409,226.23833922838583
123,2163,413526,26.02389526033997
123,2164,413866,238.93620918087916
123,2165,413957,-53.033887951595176
123,2166,414188,240.86516752082582
123,2167,414289,-107.74398600804723
123,2168,414359,-71.71595508827178
123,2169,414427,-44.251927642755945
123,2170,414506,64.49462922396944
123,2171,414577,-33.753193437425026
123,2172,414659,-66.07323515241178
123,2173,414755,-86.87674548302063
123,2174,414828,-173.60064324216975
123,2175,415269,172.3246661845435
123,2176,415511,289.16972635654975
123,2177,415779,273.45623619157107
123,2178,415894,-202.3092649907185
123,2179,415991,-106.62305511104672
123,2180,416090,-98.58155444035468
123,2181,416171,-229.45720195745866
123,2182,416277,-78.15498974984428
123,2183,416475,229.9718806341016
123,2184,416599,33.14373953933509
123,2185,416693,14.971473715441206
123,2186,416801,60.81515977366564
123,2187,416919,5.359947717600917
123,2188,417016,-58.463130637713256
123,2189,417126,23.308704484409333
123,2190,417435,249.25842086400516
123,2191,417506,-69.83430403796108
123,2192,417791,271.0110544076857
123,2193,417871,-47.1247486640511
123,2194,417957,-108.01317105166068
123,2195,418017,-79.24155476084938
123,2196,418072,-111.93107366010776
123,2197,418129,-89.48564365912908
123,2198,418187,-114.42777614963859
123,2199,418259,-88.31496533830708
123,2200,418406,71.89994590360547
123,2201,418499,-82.05721481297431
123,2202,418571,-237.20109306800302
123,2203,418783,287.5504265461078
123,2204,418922,20.815594274788467
123,2205,419010,-19.406433496980995
123,2206,419100,33.126026638122795
123,2207,419216,0.3810587478654668
123,2208,419331,55.69297756042204
123,2209,419536,266.1935660958045
123,2210,419679,-155.94833166051245
123,2211,419762,-277.5751682521579
123,2212,419853,41.83220052944333
123,2213,419967,1.4657038210663131
123,2214,420967,-55.28887371601894
123,2215,421094,39.98591847593926
123,2216,422094,-27.87235348097512
123,2217,422216,28.09605712889288
123,2218,422448,310.06083838297064
123,2219,422539,-77.91470664942594
123,2220,423539,-33.492778500643524
123,2221,423630,-32.1288957087955
123,2222,423735,3.3349687447861385
123,2223,423807,-43.89830118199747
123,2224,423892,-146.1971476947321
123,2225,424154,272.7658417652266
123,2226,425154,11.566597334323124
123,2227,426017,161.71865995429113
123,2228,426458,221.25601271986443
123,2229,426564,0.46546751979474266
123,2230,426686,-70.41294336623422
123,2231,427471,-283.6530601255913
123,2232,427577,48.39968089303267
123,2233,427881,239.23960069065723
123,2234,427973,7.437995939062034
123,2235,428062,-57.31161734623985
123,2236,428126,-84.150512136211
123,2237,428438,266.61159265082756
123,2238,428689,276.0317912613278
123,2239,429495,161.04093558434394
123,2240,430495,-24.65107036568525
123,2241,430587,47.011510957725875
123,2242,430735,34.35132858256435
123,2243,430832,54.74715390606107
123,2244,430978,36.95383999913079
123,2245,431291,242.3357231683288
123,2246,431406,-34.44380459116614
123,2247,431513,-6.6017566618943135
123,2248,432152,173.20964125026575
123,2249,433152,-67.92070764752475
123,2250,433990,-155.72240278004614
123,2251,434755,154.3308284180564
123,2252,434901,36.284528279013756
123,2253,435113,255.8417493314272
123,2254,435212,-73.04087044921499
123,2255,435328,8.780666612602246
123,2256,435459,37.60548562830576
123,2257,435531,-80.71909643288399
123,2258,435635,18.785441021006122
123,2259,435737,-267.92802378757153
123,2260,436306,187.12602594877723
123,2261,436401,-56.55408396948292
123,2262,436504,-61.79973120203035
123,2263,436615,-174.62910095643537
123,2264,436827,181.25559927353927
123,2265,437086,235.60106971373364
123,2266,437201,-182.3635654065917
123,2267,437479,258.9902134699406
123,2268,437649,-134.72613534714398
123,2269,437775,42.68715993278772
123,2270,437910,-7.646580879237149
123,2271,437968,-171.3500987680867
123,2272,438056,-51.51532125381567
123,2273,438384,262.52063018887975
123,2274,438602,254.26932080326284
123,2275,438760,-157.984249672916
123,2276,438904,-132.25881673271772
123,2277,438996,16.645756271726952
123,2278,439091,65.891818527407
123,2279,439583,217.85050573423564
123,2280,439712,50.197992683785884
123,2281,440177,205.75445800112658
123,2282,440273,0.5070033618180787
123,2283,440368,0.5088677997113678
123,2284,440467,-44.75682031914178
123,2285,440647,-18.255494645574046
123,2286,441238,203.11663942938452
123,2287,441349,44.97166376848267
123,2288,441586,251.48668565501163
123,2289,441676,-45.471154849024416
123,2290,442144,197.2245529733746
123,2291,442533,244.0919845398739
123,2292,443533,-45.290579849349825
123,2293,443814,-210.81474586689916
123,2294,443906,-176.05409128230613
123,2295,444025,31.369009135455542
123,2296,444345,-144.3068075028535
123,2297,444441,-35.46303927778622
123,2298,444549,26.192995167826908
123,2299,444626,37.5707095477087
123,2300,444935,283.2080611411302
123,2301,445021,-60.13779480563071
123,2302,445207,301.5910417786021
123,2303,445423,259.16387473910515
123,2304,445653,297.3327239536934
123,2305,445740,-30.616871036999584
123,2306,446124,268.35939486722384
123,2307,446416,228.26549457623807
123,2308,446510,32.100533654610956
123,2309,446628,30.694168565053815
123,2310,446722,-32.3894950676475
123,2311,447268,185.33822583683616
123,2312,447531,278.9975512881207
123,2313,447604,-150.98628427547288
123,2314,447697,-23.588077083247995
123,2315,448481,161.5522217290834
123,2316,448665,263.99516518251414
123,2317,448742,8.809207232922219
123,2318,448830,-127.48240053366628
123,2319,448895,-186.86469032508793
123,2320,448965,-95.9099034291873
123,2321,449065,50.89254447110429
123,2322,449165,-4.456602744668075
123,2323,449261,-89.77769871809502
123,2324,449399,41.094218256914985
123,2325,449801,232.68474654042697
123,2326,449886,13.490372802421916
123,2327,449965,-27.680916019157266
123,2328,450061,-171.5331026238059
123,2329,450181,-148.2848322342108
123,2330,450766,148.27263659620135
123,2331,451011,262.45719999863496
123,2332,451081,-11.981100016495645
123,2333,451158,-37.84031623906586
123,2334,451248,-10.07912650146443
123,2335,451338,-150.44320809686542
123,2336,451424,17.94274994559224
123,2337,451526,1.0255184718866985
123,2338,452050,187.5839676686279
123,2339,452399,235.94070906115988
123,2340,452472,-47.7339368011838
123,2341,452526,-94.65356139127819
123,2342,452594,-49.32869871946936
123,2343,452686,-41.984324239672176
123,2344,452771,15.130768004460947
123,2345,453088,196.4042479091427
123,2346,453192,-27.078796918735904
123,2347,453671,176.41389129738658
123,2348,453779,-56.78761912077797
123,2349,454035,260.5399222440414
123,2350,454124,58.99196362353902
123,2351,454226,-12.163048563147427
123,2352,454346,-0.5747689040760235
123,2353,454440,-39.97560118102433
123,2354,454518,-14.290245724618202
123,2355,454624,-45.668296056116
123,2356,454695,-2.012593595984839
123,2357,454782,-73.85880297199684
123,2358,454968,277.71557742149605
123,2359,455044,-73.13776988021698
123,2360,455118,-8.844509056190958
123,2361,455196,-27.80756418544624
123,2362,455314,34.970892260707615
123,2363,455413,-83.8207383697862
123,2364,455503,-64.87437753343696
123,2365,455596,32.361396773456676
123,2366,456061,226.5597009272912
123,2367,456171,12.912354184974504
123,2368,456946,151.97856389911263
123,2369,457026,-66.59568625530054
123,2370,457274,256.20602344034785
123,2371,457380,-27.410506207352043
123,2372,457600,239.24688592009687
123,2373,457936,241.81461167436825
123,2374,458131,260.0044338614106
123,2375,458466,212.57763249284187
123,2376,458705,224.9234248031011
123,2377,458783,-67.17020088146162
123,2378,458863,-25.389692677952354
123,2379,458944,-74.48743081073872
123,2380,459024,-75.93814741970357
123,2381,459134,-0.5880477666141672
123,2382,459225,-26.487786354132396
123,2383,459312,-170.31481035118242
123,2384,459409,-66.4677798361467
123,2385,459481,-14.468046975835009
123,2386,459644,259.1888052492178
123,2387,459881,262.96545403449545
123,2388,460075,-157.64419944076386
123,2389,460261,200.69478141942218
123,2390,460637,277.7951682211115
123,2391,460879,297.12935028854776
123,2392,461008,3.934705844983526
123,2393,461145,51.57505804354264
123,2394,461716,183.52625559284974
123,2395,461834,11.057936448640191
123,2396,461955,22.99194235614904
123,2397,462077,21.773223973720036
123,2398,462151,-81.30123333164315
123,2399,462243,-36.705632577561985
123,2400,462610,224.86400670330855
123,2401,462685,-18.288409216109685
123,2402,462765,-105.24350634574417
123,2403,462994,291.7327358861671
123,2404,463083,-217.85847652063444
123,2405,463159,-93.56824107158155
123,2406,463276,36.371356623442495
123,2407,463351,-114.434130575307
123,2408,463420,-94.96352886212013
123,2409,463512,-180.494915687792
123,2410,463600,-16.877080020792846
123,2411,463914,260.73623216695023
123,2412,464004,-2.7564813777752164
123,2413,464412,195.00742720171502
123,2414,464723,239.73631341902066
123,2415,465106,199.791857560864
123,2416,465197,-84.30344324475286
123,2417,465271,1.5851087243093787
123,2418,466271,-62.269231292214826
123,2419,466393,-13.294798674917217
123,2420,466555,41.09252462610752
123,2421,466972,238.05240070613502
123,2422,467070,12.332041498336679
123,2423,468070,-64.47150044101929
123,2424,468265,269.5749358411231
123,2425,468348,-66.42817375651698
123,2426,468731,246.10585437637556
123,2427,468823,47.5162172729282
123,2428,468982,22.79916520829019
123,2429,469046,-50.138587942739136
123,2430,469131,-88.70451333832432
123,2431,469416,267.20992091506076
123,2432,469631,241.96980584351314
123,2433,469701,-29.56321452817015
123,2434,469777,-84.07800106332813
123,2435,469874,-70.71009894065165
123,2436,469945,-88.56958591654355
123,2437,470030,18.421606645718683
123,2438,470324,237.19387410490657
123,2439,470636,245.2355867285262
123,2440,471045,207.00614758161538
123,2441,471311,237.9616286211746
123,2442,471408,-28.96059996931659
123,2443,472032,236.3233784073546
123,2444,473021,112.3348517952088
123,2445,473263,259.81762481335625
123,2446,473338,-74.7063225195709
123,2447,473434,-279.0976255819253
123,2448,473535,-110.47546105029696
123,2449,473639,6.538024593489183
123,2450,473784,-135.40795663243637
123,2451,473998,285.408055715682
123,2452,474093,35.3677292120841
123,2453,474348,273.64748990140646
123,2454,474426,-62.415700428619
123,2455,474499,-35.31582981015147
123,2456,474590,-61.97882373474818
123,2457,474662,-33.77558961457588
123,2458,474753,40.90796261569835
123,2459,474958,283.2202194521012
123,2460,475125,247.33552656901523
123,2461,475448,243.63930032366525
123,2462,475830,221.32784633215982
123,2463,476273,216.1167740359687
123,2464,476429,317.7903270259484
123,2465,476773,243.4262612831271
123,2466,476853,-86.97293448027179
123,2467,476935,-48.33060633938274
123,2468,477034,60.59814541926093
123,2469,477114,-59.6783211672444
123,2470,477456,273.0856160609015
123,2471,477572,-2.5934426007057283
123,2472,477998,162.0816775130715
123,2473,478350,235.34060700091487
123,2474,478546,265.1031258196149
123,2475,478646,-9.705859733844989
123,2476,478892,248.81285165727127
123,2477,479147,232.16557920821992
123,2478,479372,269.43461245815456
123,2479,479511,28.62882370663101
123,2480,479739,300.95060121769274
123,2481,479880,30.41229806695364
123,2482,480109,281.4530650882609
123,2483,480212,4.253670779925386
123,2484,480526,216.81366430054698
123,2485,480605,-65.5689334793225
123,2486,480949,231.3933900050914
123,2487,481426,241.02184211128593
123,2488,481644,284.3892444478638
123,2489,481944,251.8646305241376
123,2490,482281,244.68473395024432
123,2491,482658,223.06376048381819
123,2492,483026,262.7569307804383
123,2493,483113,-103.97339745950235
123,2494,483214,-39.55098303414066
123,2495,483310,-3.7316812291708317
123,2496,483412,1.8493088539525502
123,2497,483504,-83.10249451234048
123,2498,483566,-112.29737434391586
123,2499,483638,-80.4701221389369
123,2500,483872,295.3692226643391
123,2501,484075,268.29958718925343
123,2502,484172,-72.69700602161227
123,2503,484264,-189.505140038674
123,2504,484315,-210.84630388843652
123,2505,484369,-171.41661924211536
123,2506,484437,-30.259794685754144
123,2507,484519,64.80301530678429
123,2508,484611,8.868895455866337
123,2509,484701,-36.14810135653618
123,2510,484946,244.97690877131254
123,2511,485026,-123.50462479397788
123,2512,485345,223.71576000637276
123,2513,485499,-195.85503241489954
123,2514,485619,29.733581337931128
123,2515,485677,-186.9692672184928
123,2516,485759,39.65141649832361
123,2517,485842,-67.51691693741105
123,2518,485941,3.80480244867357
123,2519,486171,217.48982011348406
123,2520,486486,205.63064492245485
123,2521,486666,257.45220265215374
123,2522,486767,37.847534587706974
123,2523,486857,-75.40203689983596
123,2524,486951,-62.85214464347669
123,2525,487046,-15.616586533852015
123,2526,487108,-130.76067692401338
123,2527,487339,239.73744212860697
123,2528,487570,278.28803554611716
123,2529,487759,240.50619196504968
123,2530,487972,260.55703387930265
123,2531,488218,260.09046714723877
123,2532,488297,37.33759188178678
123,2533,488480,244.72720314600897
123,2534,488579,-33.22214149966807
123,2535,488668,-172.99088411008142
123,2536,488740,-244.45695234081984
123,2537,488817,-53.28250192818287
123,2538,488902,-44.04151839408249
123,2539,488985,-231.21486512653547
123,2540,489100,14.35807320272896
123,2541,489310,267.77576047695686
123,2542,489454,32.02440881769357
123,2543,489742,239.2724683483666
123,2544,489850,-27.619437315070428
123,2545,489941,9.048967056374423
123,2546,490042,39.32725220147472
123,2547,490310,8.4422221857494
123,2548,490391,-17.717291368778177
123,2549,490508,-0.6418797642522946
123,2550,490716,243.7243532128622
123,2551,491201,195.68291920793652
123,2552,491303,-76.40841235956331
123,2553,491388,0.9785928769491363
123,2554,491596,172.48022903977878
123,2555,491719,49.25953371916944
123,2556,491808,29.615164426400327
123,2557,491896,-9.094824491591325
123,2558,492489,211.55561823725117
123,2559,492638,-147.8217216335655
123,2560,492904,256.1834637449738
123,2561,493099,250.33837966449164
123,2562,493421,242.5082225217245
123,2563,493634,261.9862593374534
123,2564,493732,50.18508514387133
123,2565,493796,-44.33019477299332
123,2566,493957,257.2890520654354
123,2567,494041,-179.9398038296655
123,2568,494108,-184.82227664691467
123,2569,494339,273.14543339022
123,2570,494691,207.56796133061653
123,2571,494791,57.21400755592708
123,2572,495791,96.25035160280694
123,2573,495991,275.9908725367052
123,2574,496268,226.97693617058025
123,2575,496643,252.32505972624386
123,2576,496721,-50.155352234990644
123,2577,496811,-127.72755052753257
123,2578,496925,12.706414803636022
123,2579,497057,11.89148530656378
123,2580,497139,0.9362131407197012
123,2581,497240,8.23975988895026
123,2582,497333,-62.97577616861028
123,2583,497695,230.06390762629647
123,2584,497773,-76.65040046285286
123,2585,497879,21.738837364718464
123,2586,497987,12.612188904737337
123,2587,498075,-232.84144690314872
123,2588,498304,268.01956648355986
123,2589,498544,286.7442734101943
123,2590,498845,221.17156433390943
123,2591,499062,259.04031915793394
123,2592,499188,-4.332352597542894
123,2593,499279,53.16662180789106
123,2594,499416,-193.45519536728457
123,2595,499506,20.92703898825866
123,2596,499584,-354.29012569017783
123,2597,499695,9.0569896400213
